System Name,Model Name,Serial Number,Cabinet Name,System Port Name,Switch Name,Switch Cabinet Name,Switch Port Name,Logical Net Group,Port Speed
airstreamq1,X5-2L,1523NM5022,hzl-b1_01 cf006 (HZL-Q1-A3),Slot 3 port 1,HZL-COLO-NONPTDNDH1-SWA1,HZL-Q1-A1,E1/12,EXTHYPER,10Gb
airstreamq1,X5-2L,1523NM5022,hzl-b1_01 cf006 (HZL-Q1-A3),Slot 3 port 2,HZL-COLO-NONPTDNDH1-SWA2,hzl-b1_01 cf006 (HZL-Q1-A3),E1/12,EXTHYPER,10Gb
airstreamq2,X5-2L,1523NM5021,HZL-Q1-A1,Slot 3 port 1,HZL-COLO-NONPTDNDH1-SWA1,HZL-Q1-A1,E1/13,EXTHYPER,10Gb
airstreamq2,X5-2L,1523NM5021,HZL-Q1-A1,Slot 3 port 2,HZL-COLO-NONPTDNDH1-SWA2,hzl-b1_01 cf006 (HZL-Q1-A3),E1/13,EXTHYPER,10Gb
atlasq1,X4-8,1523NM8001,hzl-b1_01 cp006 (HZL-Q1-D3),Slot 12 port 2,HZL-COLO-NONPTDNAGG4-SWA1,HZL-Q1-D1,E1/18,TKR,10Gb
atlasq1,X4-8,1523NM8001,hzl-b1_01 cp006 (HZL-Q1-D3),Slot 10 port 2,HZL-COLO-NONPTDNAGG4-SWA2,hzl-b1_01 cp006 (HZL-Q1-D3),E1/18,TKR,10Gb
atlasq1,X4-8,1523NM8001,hzl-b1_01 cp006 (HZL-Q1-D3),Slot 12 port 1,HZL-COLO-NONPTDNDH4-SWA1,HZL-Q1-D1,E1/29,PROD,10Gb
atlasq1,X4-8,1523NM8001,hzl-b1_01 cp006 (HZL-Q1-D3),Slot 10 port 1,HZL-COLO-NONPTDNDH4-SWA2,hzl-b1_01 cp006 (HZL-Q1-D3),E1/29,PROD,10Gb
aztecserverq1,X3-2L,,HZL-Q1-D2,Slot 3 port 1,HZL-COLO-NONPTDNDH4-SWA1,HZL-Q1-D1,E1/08,PRODHYPER,10Gb
aztecserverq1,X3-2L,,HZL-Q1-D2,Slot 3 port 2,HZL-COLO-NONPTDNDH4-SWA2,hzl-b1_01 cp006 (HZL-Q1-D3),E1/08,PRODHYPER,10Gb
birdieq1,X2-8,,HZL-Q1-C3,EM3.0 port 1,HZL-COLO-NONPTDNAGG3-SWA1,hzl-b1_01 cp011 (HZL-Q1-C2),E1/23,GTDL,10Gb
birdieq1,X2-8,,HZL-Q1-C3,EM2.1 port 2,HZL-COLO-NONPTDNAGG3-SWA1,hzl-b1_01 cp011 (HZL-Q1-C2),E1/24,LOG,10Gb
birdieq1,X2-8,,HZL-Q1-C3,Slot 6 port 2,HZL-COLO-NONPTDNAGG3-SWA1,hzl-b1_01 cp011 (HZL-Q1-C2),E1/29,TPFUN,10Gb
birdieq1,X2-8,,HZL-Q1-C3,EM2.0 port 2,HZL-COLO-NONPTDNAGG3-SWA2,hzl-b1_01 cp009 (HZL-Q1-C4),E1/23,GTDL,10Gb
birdieq1,X2-8,,HZL-Q1-C3,Slot 5 port 2,HZL-COLO-NONPTDNAGG3-SWA2,hzl-b1_01 cp009 (HZL-Q1-C4),E1/24,LOG,10Gb
birdieq1,X2-8,,HZL-Q1-C3,EM3.0 port 2,HZL-COLO-NONPTDNAGG3-SWA2,hzl-b1_01 cp009 (HZL-Q1-C4),E1/29,TPFUN,10Gb
birdieq1,X2-8,,HZL-Q1-C3,Slot 5 port 1,HZL-COLO-NONPTDNAGG3-SWA5,hzl-b1_01 cp011 (HZL-Q1-C2),E1/22,ARBI10,10Gb
birdieq1,X2-8,,HZL-Q1-C3,Slot 6 port 1,HZL-COLO-NONPTDNAGG3-SWA6,HZL-Q1-C3,E1/22,ARBI10,10Gb
birdieq1,X2-8,,HZL-Q1-C3,EM2.0 port 1,HZL-COLO-NONPTDNDH3-SWA1,hzl-b1_01 cp011 (HZL-Q1-C2),E1/18,PROD,10Gb
birdieq1,X2-8,,HZL-Q1-C3,EM2.1 port 1,HZL-COLO-NONPTDNDH3-SWA2,hzl-b1_01 cp009 (HZL-Q1-C4),E1/18,PROD,10Gb
bogeyq1,X2-8,,HZL-Q1-C3,EM3.0 port 1,HZL-COLO-NONPTDNAGG3-SWA1,hzl-b1_01 cp011 (HZL-Q1-C2),E1/14,GTDL,10Gb
bogeyq1,X2-8,,HZL-Q1-C3,EM2.1 port 2,HZL-COLO-NONPTDNAGG3-SWA1,hzl-b1_01 cp011 (HZL-Q1-C2),E1/15,LOG,10Gb
bogeyq1,X2-8,,HZL-Q1-C3,EM2.0 port 2,HZL-COLO-NONPTDNAGG3-SWA2,hzl-b1_01 cp009 (HZL-Q1-C4),E1/14,GTDL,10Gb
bogeyq1,X2-8,,HZL-Q1-C3,Slot 5 port 2,HZL-COLO-NONPTDNAGG3-SWA2,hzl-b1_01 cp009 (HZL-Q1-C4),E1/15,LOG,10Gb
bogeyq1,X2-8,,HZL-Q1-C3,Slot 5 port 1,HZL-COLO-NONPTDNAGG3-SWA5,hzl-b1_01 cp011 (HZL-Q1-C2),E1/13,ARBI10,10Gb
bogeyq1,X2-8,,HZL-Q1-C3,Slot 6 port 2,HZL-COLO-NONPTDNAGG3-SWA5,hzl-b1_01 cp011 (HZL-Q1-C2),E1/14,ETG,10Gb
bogeyq1,X2-8,,HZL-Q1-C3,Slot 6 port 1,HZL-COLO-NONPTDNAGG3-SWA6,HZL-Q1-C3,E1/13,ARBI10,10Gb
bogeyq1,X2-8,,HZL-Q1-C3,EM3.0 port 2,HZL-COLO-NONPTDNAGG3-SWA6,HZL-Q1-C3,E1/14,ETG,10Gb
bogeyq1,X2-8,,HZL-Q1-C3,EM2.0 port 1,HZL-COLO-NONPTDNDH3-SWA1,hzl-b1_01 cp011 (HZL-Q1-C2),E1/11,PROD,10Gb
bogeyq1,X2-8,,HZL-Q1-C3,EM2.1 port 1,HZL-COLO-NONPTDNDH3-SWA2,hzl-b1_01 cp009 (HZL-Q1-C4),E1/11,PROD,10Gb
bookq1,X5-8,1539NMC001,HZL-Q1-B1,Slot 4 port 2,HZL-COLO-NONPTDNAGG2-SWA1,HZL-Q1-B1,E1/13,FEED,10Gb
bookq1,X5-8,1539NMC001,HZL-Q1-B1,Slot 6 port 2,HZL-COLO-NONPTDNAGG2-SWA2,hzl-b1_01 cj008 (HZL-Q1-B3),E1/13,FEED,10Gb
bookq1,X5-8,1539NMC001,HZL-Q1-B1,Slot 2 port 1,HZL-COLO-NONPTDNAGG3-SWA3,HZL-Q1-C1,E1/05,ARBI40,40Gb
bookq1,X5-8,1539NMC001,HZL-Q1-B1,Slot 4 port 1,HZL-COLO-NONPTDNDH2-SWA1,HZL-Q1-B1,E1/10,PRODHYPER,10Gb
bookq1,X5-8,1539NMC001,HZL-Q1-B1,Slot 6 port 1,HZL-COLO-NONPTDNDH2-SWA2,hzl-b1_01 cj008 (HZL-Q1-B3),E1/10,PRODHYPER,10Gb
boxerq1,X4-2L,,HZL-Q1-A1,Slot 3 port 1,HZL-COLO-NONPTDNDH1-SWA1,HZL-Q1-A1,E1/16,BUILD,10Gb
boxerq1,X4-2L,,HZL-Q1-A1,Slot 3 port 2,HZL-COLO-NONPTDNDH1-SWA2,hzl-b1_01 cf006 (HZL-Q1-A3),E1/16,BUILD,10Gb
celtserverq1,X4-2L,,HZL-Q1-D1,Slot 3 port 1,HZL-COLO-NONPTDNDH4-SWA1,HZL-Q1-D1,E1/09,PRODHYPER,10Gb
celtserverq1,X4-2L,,HZL-Q1-D1,Slot 3 port 2,HZL-COLO-NONPTDNDH4-SWA2,hzl-b1_01 cp006 (HZL-Q1-D3),E1/09,PRODHYPER,10Gb
celtstorageq1,X4-2L,,hzl-b1_01 cp006 (HZL-Q1-D3),Slot 3 port 1,HZL-COLO-NONPTDNDH4-SWA1,HZL-Q1-D1,E1/10,PROD,10Gb
celtstorageq1,X4-2L,,hzl-b1_01 cp006 (HZL-Q1-D3),Slot 3 port 2,HZL-COLO-NONPTDNDH4-SWA2,hzl-b1_01 cp006 (HZL-Q1-D3),E1/10,PROD,10Gb
cleekq1,X1-8,,hzl-b1_01 cp009 (HZL-Q1-C4),EM3.0 port 1,HZL-COLO-NONPTDNAGG3-SWA1,hzl-b1_01 cp011 (HZL-Q1-C2),E1/30,GTDL,10Gb
cleekq1,X1-8,,hzl-b1_01 cp009 (HZL-Q1-C4),EM2.1 port 2,HZL-COLO-NONPTDNAGG3-SWA1,hzl-b1_01 cp011 (HZL-Q1-C2),E1/31,LOG,10Gb
cleekq1,X1-8,,hzl-b1_01 cp009 (HZL-Q1-C4),Slot 6 port 2,HZL-COLO-NONPTDNAGG3-SWA1,hzl-b1_01 cp011 (HZL-Q1-C2),E1/32,TPFUN,10Gb
cleekq1,X1-8,,hzl-b1_01 cp009 (HZL-Q1-C4),EM2.0 port 2,HZL-COLO-NONPTDNAGG3-SWA2,hzl-b1_01 cp009 (HZL-Q1-C4),E1/30,GTDL,10Gb
cleekq1,X1-8,,hzl-b1_01 cp009 (HZL-Q1-C4),Slot 5 port 2,HZL-COLO-NONPTDNAGG3-SWA2,hzl-b1_01 cp009 (HZL-Q1-C4),E1/31,LOG,10Gb
cleekq1,X1-8,,hzl-b1_01 cp009 (HZL-Q1-C4),EM3.0 port 2,HZL-COLO-NONPTDNAGG3-SWA2,hzl-b1_01 cp009 (HZL-Q1-C4),E1/32,TPFUN,10Gb
cleekq1,X1-8,,hzl-b1_01 cp009 (HZL-Q1-C4),Slot 5 port 1,HZL-COLO-NONPTDNAGG3-SWA5,hzl-b1_01 cp011 (HZL-Q1-C2),E1/23,ARBI10,10Gb
cleekq1,X1-8,,hzl-b1_01 cp009 (HZL-Q1-C4),Slot 6 port 1,HZL-COLO-NONPTDNAGG3-SWA6,HZL-Q1-C3,E1/23,ARBI10,10Gb
cleekq1,X1-8,,hzl-b1_01 cp009 (HZL-Q1-C4),EM2.0 port 1,HZL-COLO-NONPTDNDH3-SWA1,hzl-b1_01 cp011 (HZL-Q1-C2),E1/19,PROD,10Gb
cleekq1,X1-8,,hzl-b1_01 cp009 (HZL-Q1-C4),EM2.1 port 1,HZL-COLO-NONPTDNDH3-SWA2,hzl-b1_01 cp009 (HZL-Q1-C4),E1/19,PROD,10Gb
divotq1,X4-8,1523NM8002,HZL-Q1-C1,Slot 6 port 1,HZL-COLO-NONPTDNAGG3-SWA1,hzl-b1_01 cp011 (HZL-Q1-C2),E1/33,GTDL,10Gb
divotq1,X4-8,1523NM8002,HZL-Q1-C1,Slot 10 port 2,HZL-COLO-NONPTDNAGG3-SWA1,hzl-b1_01 cp011 (HZL-Q1-C2),E1/34,LOG,10Gb
divotq1,X4-8,1523NM8002,HZL-Q1-C1,Slot 6 port 2,HZL-COLO-NONPTDNAGG3-SWA1,hzl-b1_01 cp011 (HZL-Q1-C2),E1/35,TPFUN,10Gb
divotq1,X4-8,1523NM8002,HZL-Q1-C1,Slot 4 port 1,HZL-COLO-NONPTDNAGG3-SWA2,hzl-b1_01 cp009 (HZL-Q1-C4),E1/33,GTDL,10Gb
divotq1,X4-8,1523NM8002,HZL-Q1-C1,Slot 8 port 2,HZL-COLO-NONPTDNAGG3-SWA2,hzl-b1_01 cp009 (HZL-Q1-C4),E1/34,LOG,10Gb
divotq1,X4-8,1523NM8002,HZL-Q1-C1,Slot 4 port 2,HZL-COLO-NONPTDNAGG3-SWA2,hzl-b1_01 cp009 (HZL-Q1-C4),E1/35,TPFUN,10Gb
divotq1,X4-8,1523NM8002,HZL-Q1-C1,Slot 12 port 1,HZL-COLO-NONPTDNAGG3-SWA3,HZL-Q1-C1,E1/12,ARBI40,40Gb
divotq1,X4-8,1523NM8002,HZL-Q1-C1,Slot 10 port 1,HZL-COLO-NONPTDNDH3-SWA1,hzl-b1_01 cp011 (HZL-Q1-C2),E1/20,PROD,10Gb
divotq1,X4-8,1523NM8002,HZL-Q1-C1,Slot 8 port 1,HZL-COLO-NONPTDNDH3-SWA2,hzl-b1_01 cp009 (HZL-Q1-C4),E1/20,PROD,10Gb
dtpfepcq1a,X2-4,,HZL-Q1-B2,Slot 2 port 1,HZL-COLO-NONPTDNAGG2-SWA1,HZL-Q1-B1,E1/06,FEED,10Gb
dtpfepcq1a,X2-4,,HZL-Q1-B2,Slot 3 port 1,HZL-COLO-NONPTDNAGG2-SWA1,HZL-Q1-B1,E1/05,FEPC,10Gb
dtpfepcq1a,X2-4,,HZL-Q1-B2,Slot 7 port 2,HZL-COLO-NONPTDNAGG2-SWA2,hzl-b1_01 cj008 (HZL-Q1-B3),E1/06,FEED,10Gb
dtpfepcq1a,X2-4,,HZL-Q1-B2,Slot 1 port 1,HZL-COLO-NONPTDNAGG2-SWA2,hzl-b1_01 cj008 (HZL-Q1-B3),E1/05,FEPC,10Gb
dtpfepcq1a,X2-4,,HZL-Q1-B2,Slot 9 port 2,HZL-COLO-NONPTDNAGG2-SWA3,HZL-Q1-B1,E1/05,EXCH,10Gb
dtpfepcq1a,X2-4,,HZL-Q1-B2,Slot 1 port 2,HZL-COLO-NONPTDNAGG2-SWA3,HZL-Q1-B1,E1/06,EXCH,10Gb
dtpfepcq1a,X2-4,,HZL-Q1-B2,Slot 3 port 2,HZL-COLO-NONPTDNAGG2-SWA4,hzl-b1_01 cj008 (HZL-Q1-B3),E1/05,EXCH,10Gb
dtpfepcq1a,X2-4,,HZL-Q1-B2,Slot 2 port 2,HZL-COLO-NONPTDNAGG2-SWA4,hzl-b1_01 cj008 (HZL-Q1-B3),E1/06,EXCH,10Gb
dtpfepcq1a,X2-4,,HZL-Q1-B2,Slot 7 port 1,HZL-COLO-NONPTDNDH2-SWA1,HZL-Q1-B1,E1/05,PRODHYPER,10Gb
dtpfepcq1a,X2-4,,HZL-Q1-B2,Slot 9 port 1,HZL-COLO-NONPTDNDH2-SWA2,hzl-b1_01 cj008 (HZL-Q1-B3),E1/05,PRODHYPER,10Gb
dtpfepcq1n,X2-4,,HZL-Q1-B1,Slot 2 port 1,HZL-COLO-NONPTDNAGG2-SWA1,HZL-Q1-B1,E1/08,FEED,10Gb
dtpfepcq1n,X2-4,,HZL-Q1-B1,Slot 3 port 1,HZL-COLO-NONPTDNAGG2-SWA1,HZL-Q1-B1,E1/07,FEPC,10Gb
dtpfepcq1n,X2-4,,HZL-Q1-B1,Slot 7 port 2,HZL-COLO-NONPTDNAGG2-SWA2,hzl-b1_01 cj008 (HZL-Q1-B3),E1/08,FEED,10Gb
dtpfepcq1n,X2-4,,HZL-Q1-B1,Slot 1 port 1,HZL-COLO-NONPTDNAGG2-SWA2,hzl-b1_01 cj008 (HZL-Q1-B3),E1/07,FEPC,10Gb
dtpfepcq1n,X2-4,,HZL-Q1-B1,Slot 9 port 2,HZL-COLO-NONPTDNAGG2-SWA3,HZL-Q1-B1,E1/07,EXCH,10Gb
dtpfepcq1n,X2-4,,HZL-Q1-B1,Slot 1 port 2,HZL-COLO-NONPTDNAGG2-SWA3,HZL-Q1-B1,E1/08,EXCH,10Gb
dtpfepcq1n,X2-4,,HZL-Q1-B1,Slot 3 port 2,HZL-COLO-NONPTDNAGG2-SWA4,hzl-b1_01 cj008 (HZL-Q1-B3),E1/07,EXCH,10Gb
dtpfepcq1n,X2-4,,HZL-Q1-B1,Slot 2 port 2,HZL-COLO-NONPTDNAGG2-SWA4,hzl-b1_01 cj008 (HZL-Q1-B3),E1/08,EXCH,10Gb
dtpfepcq1n,X2-4,,HZL-Q1-B1,Slot 7 port 1,HZL-COLO-NONPTDNDH2-SWA1,HZL-Q1-B1,E1/06,PRODHYPER,10Gb
dtpfepcq1n,X2-4,,HZL-Q1-B1,Slot 9 port 1,HZL-COLO-NONPTDNDH2-SWA2,hzl-b1_01 cj008 (HZL-Q1-B3),E1/06,PRODHYPER,10Gb
dtpfepcq2a,X2-4,,hzl-b1_01 cj008 (HZL-Q1-B3),Slot 2 port 1,HZL-COLO-NONPTDNAGG2-SWA1,HZL-Q1-B1,E1/10,FEED,10Gb
dtpfepcq2a,X2-4,,hzl-b1_01 cj008 (HZL-Q1-B3),Slot 3 port 1,HZL-COLO-NONPTDNAGG2-SWA1,HZL-Q1-B1,E1/09,FEPC,10Gb
dtpfepcq2a,X2-4,,hzl-b1_01 cj008 (HZL-Q1-B3),Slot 7 port 2,HZL-COLO-NONPTDNAGG2-SWA2,hzl-b1_01 cj008 (HZL-Q1-B3),E1/10,FEED,10Gb
dtpfepcq2a,X2-4,,hzl-b1_01 cj008 (HZL-Q1-B3),Slot 1 port 1,HZL-COLO-NONPTDNAGG2-SWA2,hzl-b1_01 cj008 (HZL-Q1-B3),E1/09,FEPC,10Gb
dtpfepcq2a,X2-4,,hzl-b1_01 cj008 (HZL-Q1-B3),Slot 9 port 2,HZL-COLO-NONPTDNAGG2-SWA3,HZL-Q1-B1,E1/09,EXCH,10Gb
dtpfepcq2a,X2-4,,hzl-b1_01 cj008 (HZL-Q1-B3),Slot 1 port 2,HZL-COLO-NONPTDNAGG2-SWA3,HZL-Q1-B1,E1/10,EXCH,10Gb
dtpfepcq2a,X2-4,,hzl-b1_01 cj008 (HZL-Q1-B3),Slot 3 port 2,HZL-COLO-NONPTDNAGG2-SWA4,hzl-b1_01 cj008 (HZL-Q1-B3),E1/09,EXCH,10Gb
dtpfepcq2a,X2-4,,hzl-b1_01 cj008 (HZL-Q1-B3),Slot 2 port 2,HZL-COLO-NONPTDNAGG2-SWA4,hzl-b1_01 cj008 (HZL-Q1-B3),E1/10,EXCH,10Gb
dtpfepcq2a,X2-4,,hzl-b1_01 cj008 (HZL-Q1-B3),Slot 7 port 1,HZL-COLO-NONPTDNDH2-SWA1,HZL-Q1-B1,E1/07,PRODHYPER,10Gb
dtpfepcq2a,X2-4,,hzl-b1_01 cj008 (HZL-Q1-B3),Slot 9 port 1,HZL-COLO-NONPTDNDH2-SWA2,hzl-b1_01 cj008 (HZL-Q1-B3),E1/07,PRODHYPER,10Gb
dtpfepcq2n,X2-4,,HZL-Q1-B2,Slot 2 port 1,HZL-COLO-NONPTDNAGG2-SWA1,HZL-Q1-B1,E1/12,FEED,10Gb
dtpfepcq2n,X2-4,,HZL-Q1-B2,Slot 3 port 1,HZL-COLO-NONPTDNAGG2-SWA1,HZL-Q1-B1,E1/11,FEPC,10Gb
dtpfepcq2n,X2-4,,HZL-Q1-B2,Slot 7 port 2,HZL-COLO-NONPTDNAGG2-SWA2,hzl-b1_01 cj008 (HZL-Q1-B3),E1/12,FEED,10Gb
dtpfepcq2n,X2-4,,HZL-Q1-B2,Slot 1 port 1,HZL-COLO-NONPTDNAGG2-SWA2,hzl-b1_01 cj008 (HZL-Q1-B3),E1/11,FEPC,10Gb
dtpfepcq2n,X2-4,,HZL-Q1-B2,Slot 9 port 2,HZL-COLO-NONPTDNAGG2-SWA3,HZL-Q1-B1,E1/11,EXCH,10Gb
dtpfepcq2n,X2-4,,HZL-Q1-B2,Slot 1 port 2,HZL-COLO-NONPTDNAGG2-SWA3,HZL-Q1-B1,E1/12,EXCH,10Gb
dtpfepcq2n,X2-4,,HZL-Q1-B2,Slot 3 port 2,HZL-COLO-NONPTDNAGG2-SWA4,hzl-b1_01 cj008 (HZL-Q1-B3),E1/11,EXCH,10Gb
dtpfepcq2n,X2-4,,HZL-Q1-B2,Slot 2 port 2,HZL-COLO-NONPTDNAGG2-SWA4,hzl-b1_01 cj008 (HZL-Q1-B3),E1/12,EXCH,10Gb
dtpfepcq2n,X2-4,,HZL-Q1-B2,Slot 7 port 1,HZL-COLO-NONPTDNDH2-SWA1,HZL-Q1-B1,E1/08,PRODHYPER,10Gb
dtpfepcq2n,X2-4,,HZL-Q1-B2,Slot 9 port 1,HZL-COLO-NONPTDNDH2-SWA2,hzl-b1_01 cj008 (HZL-Q1-B3),E1/08,PRODHYPER,10Gb
dtpq1b,X4640,,hzl-b1_01 cj008 (HZL-Q1-B3),Slot 3 port 2,HZL-COLO-NONPTDNAGG2-SWA1,HZL-Q1-B1,E1/14,FEPC,10Gb
dtpq1b,X4640,,hzl-b1_01 cj008 (HZL-Q1-B3),Slot 6 port 2,HZL-COLO-NONPTDNAGG2-SWA2,hzl-b1_01 cj008 (HZL-Q1-B3),E1/14,FEPC,10Gb
dtpq1b,X4640,,hzl-b1_01 cj008 (HZL-Q1-B3),Slot 3 port 1,HZL-COLO-NONPTDNDH2-SWA1,HZL-Q1-B1,E1/11,PROD,10Gb
dtpq1b,X4640,,hzl-b1_01 cj008 (HZL-Q1-B3),Slot 6 port 1,HZL-COLO-NONPTDNDH2-SWA2,hzl-b1_01 cj008 (HZL-Q1-B3),E1/11,PROD,10Gb
eagleq1,X4-4,1523NM900C,hzl-b1_01 cp011 (HZL-Q1-C2),Slot 4 port 1,HZL-COLO-NONPTDNAGG3-SWA1,hzl-b1_01 cp011 (HZL-Q1-C2),E1/10,GTDL,10Gb
eagleq1,X4-4,1523NM900C,hzl-b1_01 cp011 (HZL-Q1-C2),Slot 9 port 2,HZL-COLO-NONPTDNAGG3-SWA1,hzl-b1_01 cp011 (HZL-Q1-C2),E1/11,LOG,10Gb
eagleq1,X4-4,1523NM900C,hzl-b1_01 cp011 (HZL-Q1-C2),Slot 6 port 1,HZL-COLO-NONPTDNAGG3-SWA2,hzl-b1_01 cp009 (HZL-Q1-C4),E1/10,GTDL,10Gb
eagleq1,X4-4,1523NM900C,hzl-b1_01 cp011 (HZL-Q1-C2),Slot 11 port 2,HZL-COLO-NONPTDNAGG3-SWA2,hzl-b1_01 cp009 (HZL-Q1-C4),E1/11,LOG,10Gb
eagleq1,X4-4,1523NM900C,hzl-b1_01 cp011 (HZL-Q1-C2),Slot 7 port 1,HZL-COLO-NONPTDNAGG3-SWA3,HZL-Q1-C1,E1/06,ARBI40,40Gb
eagleq1,X4-4,1523NM900C,hzl-b1_01 cp011 (HZL-Q1-C2),Slot 1 port 1,HZL-COLO-NONPTDNAGG3-SWA5,hzl-b1_01 cp011 (HZL-Q1-C2),E1/05,ARBI10,10Gb
eagleq1,X4-4,1523NM900C,hzl-b1_01 cp011 (HZL-Q1-C2),Slot 1 port 2,HZL-COLO-NONPTDNAGG3-SWA5,hzl-b1_01 cp011 (HZL-Q1-C2),E1/06,ETG,10Gb
eagleq1,X4-4,1523NM900C,hzl-b1_01 cp011 (HZL-Q1-C2),Slot 4 port 2,HZL-COLO-NONPTDNAGG3-SWA5,hzl-b1_01 cp011 (HZL-Q1-C2),E1/07,ETG,10Gb
eagleq1,X4-4,1523NM900C,hzl-b1_01 cp011 (HZL-Q1-C2),Slot 2 port 1,HZL-COLO-NONPTDNAGG3-SWA6,HZL-Q1-C3,E1/05,ARBI10,10Gb
eagleq1,X4-4,1523NM900C,hzl-b1_01 cp011 (HZL-Q1-C2),Slot 2 port 2,HZL-COLO-NONPTDNAGG3-SWA6,HZL-Q1-C3,E1/06,ETG,10Gb
eagleq1,X4-4,1523NM900C,hzl-b1_01 cp011 (HZL-Q1-C2),Slot 6 port 2,HZL-COLO-NONPTDNAGG3-SWA6,HZL-Q1-C3,E1/07,ETG,10Gb
eagleq1,X4-4,1523NM900C,hzl-b1_01 cp011 (HZL-Q1-C2),Slot 9 port 1,HZL-COLO-NONPTDNDH3-SWA1,hzl-b1_01 cp011 (HZL-Q1-C2),E1/08,PROD,10Gb
eagleq1,X4-4,1523NM900C,hzl-b1_01 cp011 (HZL-Q1-C2),Slot 11 port 1,HZL-COLO-NONPTDNDH3-SWA2,hzl-b1_01 cp009 (HZL-Q1-C4),E1/08,PROD,10Gb
eagleq2,X4-4,1523NM900C,HZL-Q1-C1,Slot 4 port 1,HZL-COLO-NONPTDNAGG3-SWA1,hzl-b1_01 cp011 (HZL-Q1-C2),E1/12,GTDL,10Gb
eagleq2,X4-4,1523NM900C,HZL-Q1-C1,Slot 9 port 2,HZL-COLO-NONPTDNAGG3-SWA1,hzl-b1_01 cp011 (HZL-Q1-C2),E1/13,LOG,10Gb
eagleq2,X4-4,1523NM900C,HZL-Q1-C1,Slot 6 port 1,HZL-COLO-NONPTDNAGG3-SWA2,hzl-b1_01 cp009 (HZL-Q1-C4),E1/12,GTDL,10Gb
eagleq2,X4-4,1523NM900C,HZL-Q1-C1,Slot 11 port 2,HZL-COLO-NONPTDNAGG3-SWA2,hzl-b1_01 cp009 (HZL-Q1-C4),E1/13,LOG,10Gb
eagleq2,X4-4,1523NM900C,HZL-Q1-C1,Slot 7 port 1,HZL-COLO-NONPTDNAGG3-SWA3,HZL-Q1-C1,E1/07,ARBI40,40Gb
eagleq2,X4-4,1523NM900C,HZL-Q1-C1,Slot 1 port 1,HZL-COLO-NONPTDNAGG3-SWA5,hzl-b1_01 cp011 (HZL-Q1-C2),E1/08,ARBI10,10Gb
eagleq2,X4-4,1523NM900C,HZL-Q1-C1,Slot 1 port 2,HZL-COLO-NONPTDNAGG3-SWA5,hzl-b1_01 cp011 (HZL-Q1-C2),E1/09,ETG,10Gb
eagleq2,X4-4,1523NM900C,HZL-Q1-C1,Slot 4 port 2,HZL-COLO-NONPTDNAGG3-SWA5,hzl-b1_01 cp011 (HZL-Q1-C2),E1/10,ETG,10Gb
eagleq2,X4-4,1523NM900C,HZL-Q1-C1,Slot 2 port 1,HZL-COLO-NONPTDNAGG3-SWA6,HZL-Q1-C3,E1/08,ARBI10,10Gb
eagleq2,X4-4,1523NM900C,HZL-Q1-C1,Slot 2 port 2,HZL-COLO-NONPTDNAGG3-SWA6,HZL-Q1-C3,E1/09,ETG,10Gb
eagleq2,X4-4,1523NM900C,HZL-Q1-C1,Slot 6 port 2,HZL-COLO-NONPTDNAGG3-SWA6,HZL-Q1-C3,E1/10,ETG,10Gb
eagleq2,X4-4,1523NM900C,HZL-Q1-C1,Slot 9 port 1,HZL-COLO-NONPTDNDH3-SWA1,hzl-b1_01 cp011 (HZL-Q1-C2),E1/09,PROD,10Gb
eagleq2,X4-4,1523NM900C,HZL-Q1-C1,Slot 11 port 1,HZL-COLO-NONPTDNDH3-SWA2,hzl-b1_01 cp009 (HZL-Q1-C4),E1/09,PROD,10Gb
fairwayq1,X4-8,1523NM8003,hzl-b1_01 cp011 (HZL-Q1-C2),Slot 6 port 1,HZL-COLO-NONPTDNAGG3-SWA1,hzl-b1_01 cp011 (HZL-Q1-C2),E1/36,GTDL,10Gb
fairwayq1,X4-8,1523NM8003,hzl-b1_01 cp011 (HZL-Q1-C2),Slot 10 port 2,HZL-COLO-NONPTDNAGG3-SWA1,hzl-b1_01 cp011 (HZL-Q1-C2),E1/37,LOG,10Gb
fairwayq1,X4-8,1523NM8003,hzl-b1_01 cp011 (HZL-Q1-C2),Slot 6 port 2,HZL-COLO-NONPTDNAGG3-SWA1,hzl-b1_01 cp011 (HZL-Q1-C2),E1/38,TPFUN,10Gb
fairwayq1,X4-8,1523NM8003,hzl-b1_01 cp011 (HZL-Q1-C2),Slot 4 port 1,HZL-COLO-NONPTDNAGG3-SWA2,hzl-b1_01 cp009 (HZL-Q1-C4),E1/36,GTDL,10Gb
fairwayq1,X4-8,1523NM8003,hzl-b1_01 cp011 (HZL-Q1-C2),Slot 8 port 2,HZL-COLO-NONPTDNAGG3-SWA2,hzl-b1_01 cp009 (HZL-Q1-C4),E1/37,LOG,10Gb
fairwayq1,X4-8,1523NM8003,hzl-b1_01 cp011 (HZL-Q1-C2),Slot 4 port 2,HZL-COLO-NONPTDNAGG3-SWA2,hzl-b1_01 cp009 (HZL-Q1-C4),E1/38,TPFUN,10Gb
fairwayq1,X4-8,1523NM8003,hzl-b1_01 cp011 (HZL-Q1-C2),Slot 12 port 1,HZL-COLO-NONPTDNAGG3-SWA3,HZL-Q1-C1,E1/19,ARBI40,40Gb
fairwayq1,X4-8,1523NM8003,hzl-b1_01 cp011 (HZL-Q1-C2),Slot 10 port 1,HZL-COLO-NONPTDNDH3-SWA1,hzl-b1_01 cp011 (HZL-Q1-C2),E1/21,PROD,10Gb
fairwayq1,X4-8,1523NM8003,hzl-b1_01 cp011 (HZL-Q1-C2),Slot 8 port 1,HZL-COLO-NONPTDNDH3-SWA2,hzl-b1_01 cp009 (HZL-Q1-C4),E1/21,PROD,10Gb
fairwayq3,X4-8,1523NM8003,HZL-Q1-C3,Slot 6 port 1,HZL-COLO-NONPTDNAGG3-SWA1,hzl-b1_01 cp011 (HZL-Q1-C2),E1/39,GTDL,10Gb
fairwayq3,X4-8,1523NM8003,HZL-Q1-C3,Slot 10 port 2,HZL-COLO-NONPTDNAGG3-SWA1,hzl-b1_01 cp011 (HZL-Q1-C2),E1/40,LOG,10Gb
fairwayq3,X4-8,1523NM8003,HZL-Q1-C3,Slot 6 port 2,HZL-COLO-NONPTDNAGG3-SWA1,hzl-b1_01 cp011 (HZL-Q1-C2),E1/41,TPFUN,10Gb
fairwayq3,X4-8,1523NM8003,HZL-Q1-C3,Slot 4 port 1,HZL-COLO-NONPTDNAGG3-SWA2,hzl-b1_01 cp009 (HZL-Q1-C4),E1/39,GTDL,10Gb
fairwayq3,X4-8,1523NM8003,HZL-Q1-C3,Slot 8 port 2,HZL-COLO-NONPTDNAGG3-SWA2,hzl-b1_01 cp009 (HZL-Q1-C4),E1/40,LOG,10Gb
fairwayq3,X4-8,1523NM8003,HZL-Q1-C3,Slot 4 port 2,HZL-COLO-NONPTDNAGG3-SWA2,hzl-b1_01 cp009 (HZL-Q1-C4),E1/41,TPFUN,10Gb
fairwayq3,X4-8,1523NM8003,HZL-Q1-C3,Slot 12 port 1,HZL-COLO-NONPTDNAGG3-SWA3,HZL-Q1-C1,E1/20,ARBI40,40Gb
fairwayq3,X4-8,1523NM8003,HZL-Q1-C3,Slot 10 port 1,HZL-COLO-NONPTDNDH3-SWA1,hzl-b1_01 cp011 (HZL-Q1-C2),E1/22,PROD,10Gb
fairwayq3,X4-8,1523NM8003,HZL-Q1-C3,Slot 8 port 1,HZL-COLO-NONPTDNDH3-SWA2,hzl-b1_01 cp009 (HZL-Q1-C4),E1/22,PROD,10Gb
fismq1,DL380G8,,HZL-Q1-A2,Slot 2 port 1,HZL-COLO-NONPTDNDH1-SWA1,HZL-Q1-A1,E1/33,HOSTHYPER,10Gb
fismq1,DL380G8,,HZL-Q1-A2,Slot 2 port 2,HZL-COLO-NONPTDNDH1-SWA2,hzl-b1_01 cf006 (HZL-Q1-A3),E1/33,HOSTHYPER,10Gb
fitdbserverq1,X3-2L,,HZL-Q1-D2,Slot 3 port 1,HZL-COLO-NONPTDNDH4-SWA1,HZL-Q1-D1,E1/23,PRODHYPER,10Gb
fitdbserverq1,X3-2L,,HZL-Q1-D2,Slot 3 port 2,HZL-COLO-NONPTDNDH4-SWA2,hzl-b1_01 cp006 (HZL-Q1-D3),E1/23,PRODHYPER,10Gb
fringeq1,X2-8,,hzl-b1_01 cp009 (HZL-Q1-C4),EM3.0 port 1,HZL-COLO-NONPTDNAGG3-SWA1,hzl-b1_01 cp011 (HZL-Q1-C2),E1/42,GTDL,10Gb
fringeq1,X2-8,,hzl-b1_01 cp009 (HZL-Q1-C4),EM2.1 port 2,HZL-COLO-NONPTDNAGG3-SWA1,hzl-b1_01 cp011 (HZL-Q1-C2),E1/43,LOG,10Gb
fringeq1,X2-8,,hzl-b1_01 cp009 (HZL-Q1-C4),Slot 6 port 2,HZL-COLO-NONPTDNAGG3-SWA1,hzl-b1_01 cp011 (HZL-Q1-C2),E1/44,TPFUN,10Gb
fringeq1,X2-8,,hzl-b1_01 cp009 (HZL-Q1-C4),EM2.0 port 2,HZL-COLO-NONPTDNAGG3-SWA2,hzl-b1_01 cp009 (HZL-Q1-C4),E1/42,GTDL,10Gb
fringeq1,X2-8,,hzl-b1_01 cp009 (HZL-Q1-C4),Slot 5 port 2,HZL-COLO-NONPTDNAGG3-SWA2,hzl-b1_01 cp009 (HZL-Q1-C4),E1/43,LOG,10Gb
fringeq1,X2-8,,hzl-b1_01 cp009 (HZL-Q1-C4),EM3.0 port 2,HZL-COLO-NONPTDNAGG3-SWA2,hzl-b1_01 cp009 (HZL-Q1-C4),E1/44,TPFUN,10Gb
fringeq1,X2-8,,hzl-b1_01 cp009 (HZL-Q1-C4),Slot 5 port 1,HZL-COLO-NONPTDNAGG3-SWA5,hzl-b1_01 cp011 (HZL-Q1-C2),E1/24,ARBI10,10Gb
fringeq1,X2-8,,hzl-b1_01 cp009 (HZL-Q1-C4),Slot 6 port 1,HZL-COLO-NONPTDNAGG3-SWA6,HZL-Q1-C3,E1/24,ARBI10,10Gb
fringeq1,X2-8,,hzl-b1_01 cp009 (HZL-Q1-C4),EM2.0 port 1,HZL-COLO-NONPTDNDH3-SWA1,hzl-b1_01 cp011 (HZL-Q1-C2),E1/23,PROD,10Gb
fringeq1,X2-8,,hzl-b1_01 cp009 (HZL-Q1-C4),EM2.1 port 1,HZL-COLO-NONPTDNDH3-SWA2,hzl-b1_01 cp009 (HZL-Q1-C4),E1/23,PROD,10Gb
galaxyq1,X4-8,1523NM8004,HZL-Q1-D2,Slot 12 port 2,HZL-COLO-NONPTDNAGG4-SWA1,HZL-Q1-D1,E1/19,TKR,10Gb
galaxyq1,X4-8,1523NM8004,HZL-Q1-D2,Slot 10 port 2,HZL-COLO-NONPTDNAGG4-SWA2,hzl-b1_01 cp006 (HZL-Q1-D3),E1/19,TKR,10Gb
galaxyq1,X4-8,1523NM8004,HZL-Q1-D2,Slot 12 port 1,HZL-COLO-NONPTDNDH4-SWA1,HZL-Q1-D1,E1/30,PROD,10Gb
galaxyq1,X4-8,1523NM8004,HZL-Q1-D2,Slot 10 port 1,HZL-COLO-NONPTDNDH4-SWA2,hzl-b1_01 cp006 (HZL-Q1-D3),E1/30,PROD,10Gb
greenq1,X2-4,,HZL-Q1-C1,Slot 2 port 1,HZL-COLO-NONPTDNAGG3-SWA1,hzl-b1_01 cp011 (HZL-Q1-C2),E1/45,GTDL,10Gb
greenq1,X2-4,,HZL-Q1-C1,Slot 9 port 2,HZL-COLO-NONPTDNAGG3-SWA1,hzl-b1_01 cp011 (HZL-Q1-C2),E1/46,LOG,10Gb
greenq1,X2-4,,HZL-Q1-C1,Slot 1 port 2,HZL-COLO-NONPTDNAGG3-SWA1,hzl-b1_01 cp011 (HZL-Q1-C2),E1/47,TPFUN,10Gb
greenq1,X2-4,,HZL-Q1-C1,Slot 7 port 2,HZL-COLO-NONPTDNAGG3-SWA2,hzl-b1_01 cp009 (HZL-Q1-C4),E1/45,GTDL,10Gb
greenq1,X2-4,,HZL-Q1-C1,Slot 11 port 2,HZL-COLO-NONPTDNAGG3-SWA2,hzl-b1_01 cp009 (HZL-Q1-C4),E1/46,LOG,10Gb
greenq1,X2-4,,HZL-Q1-C1,Slot 2 port 2,HZL-COLO-NONPTDNAGG3-SWA2,hzl-b1_01 cp009 (HZL-Q1-C4),E1/47,TPFUN,10Gb
greenq1,X2-4,,HZL-Q1-C1,Slot 11 port 1,HZL-COLO-NONPTDNAGG3-SWA5,hzl-b1_01 cp011 (HZL-Q1-C2),E1/29,ARBI10,10Gb
greenq1,X2-4,,HZL-Q1-C1,Slot 1 port 1,HZL-COLO-NONPTDNAGG3-SWA6,HZL-Q1-C3,E1/29,ARBI10,10Gb
greenq1,X2-4,,HZL-Q1-C1,Slot 7 port 1,HZL-COLO-NONPTDNDH3-SWA1,hzl-b1_01 cp011 (HZL-Q1-C2),E1/24,PROD,10Gb
greenq1,X2-4,,HZL-Q1-C1,Slot 9 port 1,HZL-COLO-NONPTDNDH3-SWA2,hzl-b1_01 cp009 (HZL-Q1-C4),E1/24,PROD,10Gb
gsmrepq1,DL380G8,,HZL-Q1-A1,Slot 2 port 1,HZL-COLO-NONPTDNDH1-SWA1,HZL-Q1-A1,E1/35,HOST,10Gb
gsmrepq1,DL380G8,,HZL-Q1-A1,Slot 2 port 2,HZL-COLO-NONPTDNDH1-SWA2,hzl-b1_01 cf006 (HZL-Q1-A3),E1/35,HOST,10Gb
gsmwebstg01q,DL380G8,,hzl-b1_01 cf006 (HZL-Q1-A3),Slot 2 port 1,HZL-COLO-NONPTDNDH1-SWA1,HZL-Q1-A1,E1/34,WEBHOST,10Gb
gsmwebstg01q,DL380G8,,hzl-b1_01 cf006 (HZL-Q1-A3),Slot 2 port 2,HZL-COLO-NONPTDNDH1-SWA2,hzl-b1_01 cf006 (HZL-Q1-A3),E1/34,WEBHOST,10Gb
hunserverq1,X4-2L,,HZL-Q1-D2,Slot 3 port 1,HZL-COLO-NONPTDNDH4-SWA1,HZL-Q1-D1,E1/11,PRODHYPER,10Gb
hunserverq1,X4-2L,,HZL-Q1-D2,Slot 3 port 2,HZL-COLO-NONPTDNDH4-SWA2,hzl-b1_01 cp006 (HZL-Q1-D3),E1/11,PRODHYPER,10Gb
hunstorageq1,X4-2L,,HZL-Q1-D1,Slot 3 port 1,HZL-COLO-NONPTDNDH4-SWA1,HZL-Q1-D1,E1/12,PROD,10Gb
hunstorageq1,X4-2L,,HZL-Q1-D1,Slot 3 port 2,HZL-COLO-NONPTDNDH4-SWA2,hzl-b1_01 cp006 (HZL-Q1-D3),E1/12,PROD,10Gb
icqfepq1,R720,,HZL-Q1-A1,Slot 2 port 1,HZL-COLO-NONPTDNDH1-SWA1,HZL-Q1-A1,E1/05,IDMZ,10Gb
icqfepq1,R720,,HZL-Q1-A1,Slot 2 port 2,HZL-COLO-NONPTDNDH1-SWA2,hzl-b1_01 cf006 (HZL-Q1-A3),E1/05,IDMZ,10Gb
incaserverq1,X4-2L,1529NM501E,hzl-b1_01 cp006 (HZL-Q1-D3),Slot 3 port 1,HZL-COLO-NONPTDNDH4-SWA1,HZL-Q1-D1,E1/13,PRODHYPER,10Gb
incaserverq1,X4-2L,1529NM501E,hzl-b1_01 cp006 (HZL-Q1-D3),Slot 3 port 2,HZL-COLO-NONPTDNDH4-SWA2,hzl-b1_01 cp006 (HZL-Q1-D3),E1/13,PRODHYPER,10Gb
itcfepcq1a,X2-8,,hzl-b1_01 cp009 (HZL-Q1-C4),EM3.0 port 1,HZL-COLO-NONPTDNAGG3-SWA1,hzl-b1_01 cp011 (HZL-Q1-C2),E1/16,GTDL,10Gb
itcfepcq1a,X2-8,,hzl-b1_01 cp009 (HZL-Q1-C4),EM2.1 port 2,HZL-COLO-NONPTDNAGG3-SWA1,hzl-b1_01 cp011 (HZL-Q1-C2),E1/17,LOG,10Gb
itcfepcq1a,X2-8,,hzl-b1_01 cp009 (HZL-Q1-C4),EM2.0 port 2,HZL-COLO-NONPTDNAGG3-SWA2,hzl-b1_01 cp009 (HZL-Q1-C4),E1/16,GTDL,10Gb
itcfepcq1a,X2-8,,hzl-b1_01 cp009 (HZL-Q1-C4),Slot 5 port 2,HZL-COLO-NONPTDNAGG3-SWA2,hzl-b1_01 cp009 (HZL-Q1-C4),E1/17,LOG,10Gb
itcfepcq1a,X2-8,,hzl-b1_01 cp009 (HZL-Q1-C4),Slot 5 port 1,HZL-COLO-NONPTDNAGG3-SWA5,hzl-b1_01 cp011 (HZL-Q1-C2),E1/15,ARBI10,10Gb
itcfepcq1a,X2-8,,hzl-b1_01 cp009 (HZL-Q1-C4),Slot 6 port 2,HZL-COLO-NONPTDNAGG3-SWA5,hzl-b1_01 cp011 (HZL-Q1-C2),E1/16,ETG,10Gb
itcfepcq1a,X2-8,,hzl-b1_01 cp009 (HZL-Q1-C4),Slot 6 port 1,HZL-COLO-NONPTDNAGG3-SWA6,HZL-Q1-C3,E1/15,ARBI10,10Gb
itcfepcq1a,X2-8,,hzl-b1_01 cp009 (HZL-Q1-C4),EM3.0 port 2,HZL-COLO-NONPTDNAGG3-SWA6,HZL-Q1-C3,E1/16,ETG,10Gb
itcfepcq1a,X2-8,,hzl-b1_01 cp009 (HZL-Q1-C4),EM2.0 port 1,HZL-COLO-NONPTDNDH3-SWA1,hzl-b1_01 cp011 (HZL-Q1-C2),E1/12,PRODHYPER,10Gb
itcfepcq1a,X2-8,,hzl-b1_01 cp009 (HZL-Q1-C4),EM2.1 port 1,HZL-COLO-NONPTDNDH3-SWA2,hzl-b1_01 cp009 (HZL-Q1-C4),E1/12,PRODHYPER,10Gb
itcfepcq1b,X2-8,,hzl-b1_01 cp011 (HZL-Q1-C2),EM3.0 port 1,HZL-COLO-NONPTDNAGG3-SWA1,hzl-b1_01 cp011 (HZL-Q1-C2),E1/18,GTDL,10Gb
itcfepcq1b,X2-8,,hzl-b1_01 cp011 (HZL-Q1-C2),EM2.1 port 2,HZL-COLO-NONPTDNAGG3-SWA1,hzl-b1_01 cp011 (HZL-Q1-C2),E1/19,LOG,10Gb
itcfepcq1b,X2-8,,hzl-b1_01 cp011 (HZL-Q1-C2),EM2.0 port 2,HZL-COLO-NONPTDNAGG3-SWA2,hzl-b1_01 cp009 (HZL-Q1-C4),E1/18,GTDL,10Gb
itcfepcq1b,X2-8,,hzl-b1_01 cp011 (HZL-Q1-C2),Slot 5 port 2,HZL-COLO-NONPTDNAGG3-SWA2,hzl-b1_01 cp009 (HZL-Q1-C4),E1/19,LOG,10Gb
itcfepcq1b,X2-8,,hzl-b1_01 cp011 (HZL-Q1-C2),Slot 5 port 1,HZL-COLO-NONPTDNAGG3-SWA5,hzl-b1_01 cp011 (HZL-Q1-C2),E1/17,ARBI10,10Gb
itcfepcq1b,X2-8,,hzl-b1_01 cp011 (HZL-Q1-C2),Slot 6 port 2,HZL-COLO-NONPTDNAGG3-SWA5,hzl-b1_01 cp011 (HZL-Q1-C2),E1/18,ETG,10Gb
itcfepcq1b,X2-8,,hzl-b1_01 cp011 (HZL-Q1-C2),Slot 6 port 1,HZL-COLO-NONPTDNAGG3-SWA6,HZL-Q1-C3,E1/17,ARBI10,10Gb
itcfepcq1b,X2-8,,hzl-b1_01 cp011 (HZL-Q1-C2),EM3.0 port 2,HZL-COLO-NONPTDNAGG3-SWA6,HZL-Q1-C3,E1/18,ETG,10Gb
itcfepcq1b,X2-8,,hzl-b1_01 cp011 (HZL-Q1-C2),EM2.0 port 1,HZL-COLO-NONPTDNDH3-SWA1,hzl-b1_01 cp011 (HZL-Q1-C2),E1/13,PRODHYPER,10Gb
itcfepcq1b,X2-8,,hzl-b1_01 cp011 (HZL-Q1-C2),EM2.1 port 1,HZL-COLO-NONPTDNDH3-SWA2,hzl-b1_01 cp009 (HZL-Q1-C4),E1/13,PRODHYPER,10Gb
jetsonq1,X3-2L,,HZL-Q1-A1,Slot 3 port 1,HZL-COLO-NONPTDNDH1-SWA1,HZL-Q1-A1,E1/20,WEBHYPER,10Gb
jetsonq1,X3-2L,,HZL-Q1-A1,Slot 3 port 2,HZL-COLO-NONPTDNDH1-SWA2,hzl-b1_01 cf006 (HZL-Q1-A3),E1/20,WEBHYPER,10Gb
marketq1,X5-8,,HZL-Q1-D1,Slot 4 port 2,HZL-COLO-NONPTDNAGG4-SWA1,HZL-Q1-D1,E1/20,TKR,10Gb
marketq1,X5-8,,HZL-Q1-D1,Slot 6 port 2,HZL-COLO-NONPTDNAGG4-SWA2,hzl-b1_01 cp006 (HZL-Q1-D3),E1/20,TKR,10Gb
marketq1,X5-8,,HZL-Q1-D1,Slot 4 port 1,HZL-COLO-NONPTDNDH4-SWA1,HZL-Q1-D1,E1/31,PROD,10Gb
marketq1,X5-8,,HZL-Q1-D1,Slot 6 port 1,HZL-COLO-NONPTDNDH4-SWA2,hzl-b1_01 cp006 (HZL-Q1-D3),E1/31,PROD,10Gb
monetq1,T5-2,,HZL-Q1-A1,Slot 3 port 1,HZL-COLO-NONPTDNDH1-SWA1,HZL-Q1-A1,E1/08,PRODHYPER,10Gb
monetq1,T5-2,,HZL-Q1-A1,Slot 3 port 2,HZL-COLO-NONPTDNDH1-SWA2,hzl-b1_01 cf006 (HZL-Q1-A3),E1/08,PRODHYPER,10Gb
mountainq1,X3-2L,,HZL-Q1-A1,Slot 3 port 1,HZL-COLO-NONPTDNDH1-SWA1,HZL-Q1-A1,E1/17,PROD,10Gb
mountainq1,X3-2L,,HZL-Q1-A1,Slot 3 port 2,HZL-COLO-NONPTDNDH1-SWA2,hzl-b1_01 cf006 (HZL-Q1-A3),E1/17,PROD,10Gb
mountainq2,X3-2L,,HZL-Q1-A2,Slot 3 port 1,HZL-COLO-NONPTDNDH1-SWA1,HZL-Q1-A1,E1/18,PROD,10Gb
mountainq2,X3-2L,,HZL-Q1-A2,Slot 3 port 2,HZL-COLO-NONPTDNDH1-SWA2,hzl-b1_01 cf006 (HZL-Q1-A3),E1/18,PROD,10Gb
netsrvq1,X4-2L,1529NM501F,HZL-Q1-A1,Slot 3 port 1,HZL-COLO-NONPTDNDH1-SWA1,HZL-Q1-A1,E1/21,PRODPDNHYPER,10Gb
netsrvq1,X4-2L,1529NM501F,HZL-Q1-A1,Slot 3 port 2,HZL-COLO-NONPTDNDH1-SWA2,hzl-b1_01 cf006 (HZL-Q1-A3),E1/21,PRODPDNHYPER,10Gb
netsrvq2,X4-2L,1529NM501C,hzl-b1_01 cf006 (HZL-Q1-A3),Slot 3 port 1,HZL-COLO-NONPTDNDH1-SWA1,HZL-Q1-A1,E1/22,PRODPDNHYPER,10Gb
netsrvq2,X4-2L,1529NM501C,hzl-b1_01 cf006 (HZL-Q1-A3),Slot 3 port 2,HZL-COLO-NONPTDNDH1-SWA2,hzl-b1_01 cf006 (HZL-Q1-A3),E1/22,PRODPDNHYPER,10Gb
pfunq1,X2-8,,HZL-Q1-C1,Slot 5 port 1,HZL-COLO-NONPTDNAGG3-SWA1,hzl-b1_01 cp011 (HZL-Q1-C2),E1/05,TPFUN,10Gb
pfunq1,X2-8,,HZL-Q1-C1,Slot 6 port 1,HZL-COLO-NONPTDNAGG3-SWA2,hzl-b1_01 cp009 (HZL-Q1-C4),E1/05,TPFUN,10Gb
pfunq1,X2-8,,HZL-Q1-C1,EM2.0 port 2,HZL-COLO-NONPTDNAGG4-SWA1,HZL-Q1-D1,E1/07,FUNDIST,10Gb
pfunq1,X2-8,,HZL-Q1-C1,Slot 5 port 2,HZL-COLO-NONPTDNAGG4-SWA1,HZL-Q1-D1,E1/08,TKR,10Gb
pfunq1,X2-8,,HZL-Q1-C1,EM2.1 port 2,HZL-COLO-NONPTDNAGG4-SWA2,hzl-b1_01 cp006 (HZL-Q1-D3),E1/07,FUNDIST,10Gb
pfunq1,X2-8,,HZL-Q1-C1,Slot 6 port 2,HZL-COLO-NONPTDNAGG4-SWA2,hzl-b1_01 cp006 (HZL-Q1-D3),E1/08,TKR,10Gb
pfunq1,X2-8,,HZL-Q1-C1,EM2.0 port 1,HZL-COLO-NONPTDNDH3-SWA1,hzl-b1_01 cp011 (HZL-Q1-C2),E1/05,PRODHYPER,10Gb
pfunq1,X2-8,,HZL-Q1-C1,EM2.1 port 1,HZL-COLO-NONPTDNDH3-SWA2,hzl-b1_01 cp009 (HZL-Q1-C4),E1/05,PRODHYPER,10Gb
pfunq2,X2-8,,HZL-Q1-C3,Slot 5 port 1,HZL-COLO-NONPTDNAGG3-SWA1,hzl-b1_01 cp011 (HZL-Q1-C2),E1/06,TPFUN,10Gb
pfunq2,X2-8,,HZL-Q1-C3,Slot 6 port 1,HZL-COLO-NONPTDNAGG3-SWA2,hzl-b1_01 cp009 (HZL-Q1-C4),E1/06,TPFUN,10Gb
pfunq2,X2-8,,HZL-Q1-C3,EM2.0 port 2,HZL-COLO-NONPTDNAGG4-SWA1,HZL-Q1-D1,E1/09,FUNDIST,10Gb
pfunq2,X2-8,,HZL-Q1-C3,Slot 5 port 2,HZL-COLO-NONPTDNAGG4-SWA1,HZL-Q1-D1,E1/10,TKR,10Gb
pfunq2,X2-8,,HZL-Q1-C3,EM2.1 port 2,HZL-COLO-NONPTDNAGG4-SWA2,hzl-b1_01 cp006 (HZL-Q1-D3),E1/09,FUNDIST,10Gb
pfunq2,X2-8,,HZL-Q1-C3,Slot 6 port 2,HZL-COLO-NONPTDNAGG4-SWA2,hzl-b1_01 cp006 (HZL-Q1-D3),E1/10,TKR,10Gb
pfunq2,X2-8,,HZL-Q1-C3,EM2.0 port 1,HZL-COLO-NONPTDNDH3-SWA1,hzl-b1_01 cp011 (HZL-Q1-C2),E1/06,PRODHYPER,10Gb
pfunq2,X2-8,,HZL-Q1-C3,EM2.1 port 1,HZL-COLO-NONPTDNDH3-SWA2,hzl-b1_01 cp009 (HZL-Q1-C4),E1/06,PRODHYPER,10Gb
phys-iftpq1,R720,BYY0182,HZL-Q1-A1,Slot 2 port 1,HZL-COLO-NONPTDNDH1-SWA1,HZL-Q1-A1,E1/19,IDMZHYPER,10Gb
phys-iftpq1,R720,BYY0182,HZL-Q1-A1,Slot 2 port 2,HZL-COLO-NONPTDNDH1-SWA2,hzl-b1_01 cf006 (HZL-Q1-A3),E1/19,IDMZHYPER,10Gb
phys-pumaq1,T5-2,AK00315174,HZL-Q1-D2,Slot 3 port 1,HZL-COLO-NONPTDNDH4-SWA1,HZL-Q1-D1,E1/17,WEBHYPER,10Gb
phys-pumaq1,T5-2,AK00315174,HZL-Q1-D2,Slot 3 port 2,HZL-COLO-NONPTDNDH4-SWA2,hzl-b1_01 cp006 (HZL-Q1-D3),E1/17,WEBHYPER,10Gb
phys-tigerq1,T5-2,AK00314291,HZL-Q1-D2,Slot 3 port 1,HZL-COLO-NONPTDNDH4-SWA1,HZL-Q1-D1,E1/33,WEBHYPER,10Gb
phys-tigerq1,T5-2,AK00314291,HZL-Q1-D2,Slot 3 port 2,HZL-COLO-NONPTDNDH4-SWA2,hzl-b1_01 cp006 (HZL-Q1-D3),E1/33,WEBHYPER,10Gb
plantq1,X1-8,,HZL-Q1-B2,Slot 5 port 1,HZL-COLO-NONPTDNAGG2-SWA1,HZL-Q1-B1,E1/15,FEPC,10Gb
plantq1,X1-8,,HZL-Q1-B2,EM2.0 port 2,HZL-COLO-NONPTDNAGG2-SWA2,hzl-b1_01 cj008 (HZL-Q1-B3),E1/15,FEPC,10Gb
plantq1,X1-8,,HZL-Q1-B2,EM2.1 port 2,HZL-COLO-NONPTDNAGG3-SWA1,hzl-b1_01 cp011 (HZL-Q1-C2),E1/09,TPFUN,10Gb
plantq1,X1-8,,HZL-Q1-B2,Slot 5 port 2,HZL-COLO-NONPTDNAGG3-SWA2,hzl-b1_01 cp009 (HZL-Q1-C4),E1/09,TPFUN,10Gb
plantq1,X1-8,,HZL-Q1-B2,EM2.0 port 1,HZL-COLO-NONPTDNDH2-SWA1,HZL-Q1-B1,E1/12,PROD,10Gb
plantq1,X1-8,,HZL-Q1-B2,EM2.1 port 1,HZL-COLO-NONPTDNDH2-SWA2,hzl-b1_01 cj008 (HZL-Q1-B3),E1/12,PROD,10Gb
procstatq1,DL380G8,,hzl-b1_01 cf006 (HZL-Q1-A3),Slot 2 port 1,HZL-COLO-NONPTDNDH1-SWA1,HZL-Q1-A1,E1/23,EXT,10Gb
procstatq1,DL380G8,,hzl-b1_01 cf006 (HZL-Q1-A3),Slot 2 port 2,HZL-COLO-NONPTDNDH1-SWA2,hzl-b1_01 cf006 (HZL-Q1-A3),E1/23,EXT,10Gb
replayq1,T5-2,,hzl-b1_01 cp011 (HZL-Q1-C2),Slot 3 port 1,HZL-COLO-NONPTDNAGG3-SWA3,HZL-Q1-C1,E1/08,ARBI40,40Gb
replayq1,T5-2,,hzl-b1_01 cp011 (HZL-Q1-C2),Slot 1 port 1,HZL-COLO-NONPTDNAGG3-SWA5,hzl-b1_01 cp011 (HZL-Q1-C2),E1/11,ARBI10,10Gb
replayq1,T5-2,,hzl-b1_01 cp011 (HZL-Q1-C2),Slot 8 port 2,HZL-COLO-NONPTDNAGG3-SWA5,hzl-b1_01 cp011 (HZL-Q1-C2),E1/12,ETG,10Gb
replayq1,T5-2,,hzl-b1_01 cp011 (HZL-Q1-C2),Slot 6 port 2,HZL-COLO-NONPTDNAGG3-SWA6,HZL-Q1-C3,E1/11,ARBI10,10Gb
replayq1,T5-2,,hzl-b1_01 cp011 (HZL-Q1-C2),Slot 1 port 2,HZL-COLO-NONPTDNAGG3-SWA6,HZL-Q1-C3,E1/12,ETG,10Gb
replayq1,T5-2,,hzl-b1_01 cp011 (HZL-Q1-C2),Slot 6 port 1,HZL-COLO-NONPTDNDH3-SWA1,hzl-b1_01 cp011 (HZL-Q1-C2),E1/10,PROD,10Gb
replayq1,T5-2,,hzl-b1_01 cp011 (HZL-Q1-C2),Slot 8 port 1,HZL-COLO-NONPTDNDH3-SWA2,hzl-b1_01 cp009 (HZL-Q1-C4),E1/10,PROD,10Gb
revolverq1,R720,,hzl-b1_01 cf006 (HZL-Q1-A3),Slot 2 port 1,HZL-COLO-NONPTDNDH1-SWA1,HZL-Q1-A1,E1/24,EXT,10Gb
revolverq1,R720,,hzl-b1_01 cf006 (HZL-Q1-A3),Slot 2 port 2,HZL-COLO-NONPTDNDH1-SWA2,hzl-b1_01 cf006 (HZL-Q1-A3),E1/24,EXT,10Gb
revolverq2,R720,,HZL-Q1-A1,Slot 2 port 1,HZL-COLO-NONPTDNDH1-SWA1,HZL-Q1-A1,E1/29,EXT,10Gb
revolverq2,R720,,HZL-Q1-A1,Slot 2 port 2,HZL-COLO-NONPTDNDH1-SWA2,hzl-b1_01 cf006 (HZL-Q1-A3),E1/29,EXT,10Gb
rmdds2-q1,R610,,HZL-Q1-D2,Slot 2 port 2,HZL-COLO-NONPTDNAGG4-SWA1,HZL-Q1-D1,E1/05,TKR,10Gb
rmdds2-q1,R610,,HZL-Q1-D2,Slot 1 port 2,HZL-COLO-NONPTDNAGG4-SWA2,hzl-b1_01 cp006 (HZL-Q1-D3),E1/05,TKR,10Gb
rmdds2-q1,R610,,HZL-Q1-D2,Slot 2 port 1,HZL-COLO-NONPTDNDH4-SWA1,HZL-Q1-D1,E1/05,PRODPDN,10Gb
rmdds2-q1,R610,,HZL-Q1-D2,Slot 1 port 1,HZL-COLO-NONPTDNDH4-SWA2,hzl-b1_01 cp006 (HZL-Q1-D3),E1/05,PRODPDN,10Gb
rmdrs2-q1,R610,,HZL-Q1-D1,Slot 2 port 2,HZL-COLO-NONPTDNAGG4-SWA1,HZL-Q1-D1,E1/06,TKR,10Gb
rmdrs2-q1,R610,,HZL-Q1-D1,Slot 1 port 2,HZL-COLO-NONPTDNAGG4-SWA2,hzl-b1_01 cp006 (HZL-Q1-D3),E1/06,TKR,10Gb
rmdrs2-q1,R610,,HZL-Q1-D1,Slot 2 port 1,HZL-COLO-NONPTDNDH4-SWA1,HZL-Q1-D1,E1/06,PRODPDN,10Gb
rmdrs2-q1,R610,,HZL-Q1-D1,Slot 1 port 1,HZL-COLO-NONPTDNDH4-SWA2,hzl-b1_01 cp006 (HZL-Q1-D3),E1/06,PRODPDN,10Gb
rtrepserverq1,X3-2L,,HZL-Q1-D2,Slot 3 port 1,HZL-COLO-NONPTDNDH4-SWA1,HZL-Q1-D1,E1/14,PRODHYPER,10Gb
rtrepserverq1,X3-2L,,HZL-Q1-D2,Slot 3 port 2,HZL-COLO-NONPTDNDH4-SWA2,hzl-b1_01 cp006 (HZL-Q1-D3),E1/14,PRODHYPER,10Gb
smiq1,R720,,HZL-Q1-A2,Slot 2 port 1,HZL-COLO-NONPTDNDH1-SWA1,HZL-Q1-A1,E1/09,EXT,10Gb
smiq1,R720,,HZL-Q1-A2,Slot 2 port 2,HZL-COLO-NONPTDNDH1-SWA2,hzl-b1_01 cf006 (HZL-Q1-A3),E1/09,EXT,10Gb
splitterq1,X2-8,,hzl-b1_01 cp009 (HZL-Q1-C4),Slot 5 port 1,HZL-COLO-NONPTDNAGG3-SWA1,hzl-b1_01 cp011 (HZL-Q1-C2),E1/07,TPFUN,10Gb
splitterq1,X2-8,,hzl-b1_01 cp009 (HZL-Q1-C4),EM2.1 port 2,HZL-COLO-NONPTDNAGG3-SWA1,hzl-b1_01 cp011 (HZL-Q1-C2),E1/08,TPFUN,10Gb
splitterq1,X2-8,,hzl-b1_01 cp009 (HZL-Q1-C4),EM2.0 port 2,HZL-COLO-NONPTDNAGG3-SWA2,hzl-b1_01 cp009 (HZL-Q1-C4),E1/07,TPFUN,10Gb
splitterq1,X2-8,,hzl-b1_01 cp009 (HZL-Q1-C4),Slot 5 port 2,HZL-COLO-NONPTDNAGG3-SWA2,hzl-b1_01 cp009 (HZL-Q1-C4),E1/08,TPFUN,10Gb
splitterq1,X2-8,,hzl-b1_01 cp009 (HZL-Q1-C4),EM2.0 port 1,HZL-COLO-NONPTDNDH3-SWA1,hzl-b1_01 cp011 (HZL-Q1-C2),E1/07,PRODHYPER,10Gb
splitterq1,X2-8,,hzl-b1_01 cp009 (HZL-Q1-C4),EM2.1 port 1,HZL-COLO-NONPTDNDH3-SWA2,hzl-b1_01 cp009 (HZL-Q1-C4),E1/07,PRODHYPER,10Gb
symdbs01p,X366,,HZL-Q1-A2,<tbd>,HZL-COLO-NONPTDNDH1-SWA1,HZL-Q1-A1,E1/46,HOST,1Gb
symdbs01p,X366,,HZL-Q1-A2,<tbd>,HZL-COLO-NONPTDNDH1-SWA2,hzl-b1_01 cf006 (HZL-Q1-A3),E1/46,HOST,1Gb
symloads01p,X366,KQYVC6V,hzl-b1_01 cf006 (HZL-Q1-A3),<tbd>,HZL-COLO-NONPTDNDH1-SWA1,HZL-Q1-A1,E1/45,WEBHOST,1Gb
symloads01p,X366,KQYVC6V,hzl-b1_01 cf006 (HZL-Q1-A3),<tbd>,HZL-COLO-NONPTDNDH1-SWA2,hzl-b1_01 cf006 (HZL-Q1-A3),E1/45,WEBHOST,1Gb
t1perfserverq1,R720,,HZL-Q1-A2,Slot 2 port 1,HZL-COLO-NONPTDNDH1-SWA1,HZL-Q1-A1,E1/11,PRODHYPER,10Gb
t1perfserverq1,R720,,HZL-Q1-A2,Slot 2 port 2,HZL-COLO-NONPTDNDH1-SWA2,hzl-b1_01 cf006 (HZL-Q1-A3),E1/11,PRODHYPER,10Gb
tdnchassisq1,BLC7000,,HZL-Q1-A2,<tbd>,HZL-COLO-NONPTDNDH1-SWA1,HZL-Q1-A1,E1/14,CHASSIS,10Gb
tdnchassisq1,BLC7000,,HZL-Q1-A2,<tbd>,HZL-COLO-NONPTDNDH1-SWA2,hzl-b1_01 cf006 (HZL-Q1-A3),E1/14,CHASSIS,10Gb
tdnchassisq2,BLC7000,,hzl-b1_01 cf006 (HZL-Q1-A3),<tbd>,HZL-COLO-NONPTDNDH1-SWA1,HZL-Q1-A1,E1/15,CHASSIS,10Gb
tdnchassisq2,BLC7000,,hzl-b1_01 cf006 (HZL-Q1-A3),<tbd>,HZL-COLO-NONPTDNDH1-SWA2,hzl-b1_01 cf006 (HZL-Q1-A3),E1/15,CHASSIS,10Gb
tdneodq1,T5-2,,hzl-b1_01 cp006 (HZL-Q1-D3),Slot 3 port 2,HZL-COLO-NONPTDNAGG4-SWA1,HZL-Q1-D1,E1/11,TKR,10Gb
tdneodq1,T5-2,,hzl-b1_01 cp006 (HZL-Q1-D3),Slot 6 port 2,HZL-COLO-NONPTDNAGG4-SWA2,hzl-b1_01 cp006 (HZL-Q1-D3),E1/11,TKR,10Gb
tdneodq1,T5-2,,hzl-b1_01 cp006 (HZL-Q1-D3),Slot 3 port 1,HZL-COLO-NONPTDNDH4-SWA1,HZL-Q1-D1,E1/07,PRODHYPER,10Gb
tdneodq1,T5-2,,hzl-b1_01 cp006 (HZL-Q1-D3),Slot 6 port 1,HZL-COLO-NONPTDNDH4-SWA2,hzl-b1_01 cp006 (HZL-Q1-D3),E1/07,PRODHYPER,10Gb
tdngateq1,R730xd,,HZL-Q1-A2,Slot 2 port 1,HZL-COLO-NONPTDNDH1-SWA1,HZL-Q1-A1,E1/06,PRODPDNHYPER,10Gb
tdngateq1,R730xd,,HZL-Q1-A2,Slot 2 port 2,HZL-COLO-NONPTDNDH1-SWA2,hzl-b1_01 cf006 (HZL-Q1-A3),E1/06,PRODPDNHYPER,10Gb
tdngateq2,R730xd,,hzl-b1_01 cf006 (HZL-Q1-A3),Slot 2 port 1,HZL-COLO-NONPTDNDH1-SWA1,HZL-Q1-A1,E1/07,PRODPDNHYPER,10Gb
tdngateq2,R730xd,,hzl-b1_01 cf006 (HZL-Q1-A3),Slot 2 port 2,HZL-COLO-NONPTDNDH1-SWA2,hzl-b1_01 cf006 (HZL-Q1-A3),E1/07,PRODPDNHYPER,10Gb
tdnirtappq1,R720,,hzl-b1_01 cf006 (HZL-Q1-A3),Slot 2 port 1,HZL-COLO-NONPTDNDH1-SWA1,HZL-Q1-A1,E1/10,PROD,10Gb
tdnirtappq1,R720,,hzl-b1_01 cf006 (HZL-Q1-A3),Slot 2 port 2,HZL-COLO-NONPTDNDH1-SWA2,hzl-b1_01 cf006 (HZL-Q1-A3),E1/10,PROD,10Gb
tdnnetappq1,tbdstorage,,HZL-Q1-A1,<tbd>,HZL-COLO-NONPTDNDH1-SWA1,HZL-Q1-A1,E1/48,PROD,1Gb
tdnnetappq1,tbdstorage,,HZL-Q1-A1,<tbd>,HZL-COLO-NONPTDNDH1-SWA2,hzl-b1_01 cf006 (HZL-Q1-A3),E1/48,PROD,1Gb
tdnnetappq2,tbdstorage,,HZL-Q1-A2,<tbd>,HZL-COLO-NONPTDNDH1-SWA1,HZL-Q1-A1,E1/47,PROD,1Gb
tdnnetappq2,tbdstorage,,HZL-Q1-A2,<tbd>,HZL-COLO-NONPTDNDH1-SWA2,hzl-b1_01 cf006 (HZL-Q1-A3),E1/47,PROD,1Gb
tdnvdiq1,X4-2L,,HZL-Q1-A2,Slot 3 port 1,HZL-COLO-NONPTDNDH1-SWA1,HZL-Q1-A1,E1/30,EXT,10Gb
tdnvdiq1,X4-2L,,HZL-Q1-A2,Slot 5 port 1,HZL-COLO-NONPTDNDH1-SWA1,HZL-Q1-A1,E1/36,VDITERM,10Gb
tdnvdiq1,X4-2L,,HZL-Q1-A2,Slot 3 port 2,HZL-COLO-NONPTDNDH1-SWA2,hzl-b1_01 cf006 (HZL-Q1-A3),E1/30,EXT,10Gb
tdnvdiq1,X4-2L,,HZL-Q1-A2,Slot 5 port 2,HZL-COLO-NONPTDNDH1-SWA2,hzl-b1_01 cf006 (HZL-Q1-A3),E1/36,VDITERM,10Gb
tdnvdiq2,X4-2L,,hzl-b1_01 cf006 (HZL-Q1-A3),Slot 3 port 1,HZL-COLO-NONPTDNDH1-SWA1,HZL-Q1-A1,E1/31,EXT,10Gb
tdnvdiq2,X4-2L,,hzl-b1_01 cf006 (HZL-Q1-A3),Slot 5 port 1,HZL-COLO-NONPTDNDH1-SWA1,HZL-Q1-A1,E1/37,VDITERM,10Gb
tdnvdiq2,X4-2L,,hzl-b1_01 cf006 (HZL-Q1-A3),Slot 3 port 2,HZL-COLO-NONPTDNDH1-SWA2,hzl-b1_01 cf006 (HZL-Q1-A3),E1/31,EXT,10Gb
tdnvdiq2,X4-2L,,hzl-b1_01 cf006 (HZL-Q1-A3),Slot 5 port 2,HZL-COLO-NONPTDNDH1-SWA2,hzl-b1_01 cf006 (HZL-Q1-A3),E1/37,VDITERM,10Gb
tffq01,R620,CRXJGZ1,HZL-Q1-D1,Slot 2 port 2,HZL-COLO-NONPTDNAGG4-SWA1,HZL-Q1-D1,E1/16,TKR,10Gb
tffq01,R620,CRXJGZ1,HZL-Q1-D1,Slot 3 port 2,HZL-COLO-NONPTDNAGG4-SWA2,hzl-b1_01 cp006 (HZL-Q1-D3),E1/16,TKR,10Gb
tffq01,R620,CRXJGZ1,HZL-Q1-D1,Slot 2 port 1,HZL-COLO-NONPTDNDH4-SWA1,HZL-Q1-D1,E1/21,PROD,10Gb
tffq01,R620,CRXJGZ1,HZL-Q1-D1,Slot 3 port 1,HZL-COLO-NONPTDNDH4-SWA2,hzl-b1_01 cp006 (HZL-Q1-D3),E1/21,PROD,10Gb
tffq02,R620,99L48Z1,hzl-b1_01 cp006 (HZL-Q1-D3),Slot 2 port 2,HZL-COLO-NONPTDNAGG4-SWA1,HZL-Q1-D1,E1/17,TKR,10Gb
tffq02,R620,99L48Z1,hzl-b1_01 cp006 (HZL-Q1-D3),Slot 3 port 2,HZL-COLO-NONPTDNAGG4-SWA2,hzl-b1_01 cp006 (HZL-Q1-D3),E1/17,TKR,10Gb
tffq02,R620,99L48Z1,hzl-b1_01 cp006 (HZL-Q1-D3),Slot 2 port 1,HZL-COLO-NONPTDNDH4-SWA1,HZL-Q1-D1,E1/22,PROD,10Gb
tffq02,R620,99L48Z1,hzl-b1_01 cp006 (HZL-Q1-D3),Slot 3 port 1,HZL-COLO-NONPTDNDH4-SWA2,hzl-b1_01 cp006 (HZL-Q1-D3),E1/22,PROD,10Gb
ticksq1,R730xd,,HZL-Q1-D2,Slot 4 port 1,HZL-COLO-NONPTDNAGG4-SWA1,HZL-Q1-D1,E1/14,FUNDIST,10Gb
ticksq1,R730xd,,HZL-Q1-D2,Slot 3 port 2,HZL-COLO-NONPTDNAGG4-SWA1,HZL-Q1-D1,E1/15,TKR,10Gb
ticksq1,R730xd,,HZL-Q1-D2,Slot 2 port 2,HZL-COLO-NONPTDNAGG4-SWA2,hzl-b1_01 cp006 (HZL-Q1-D3),E1/14,FUNDIST,10Gb
ticksq1,R730xd,,HZL-Q1-D2,Slot 4 port 2,HZL-COLO-NONPTDNAGG4-SWA2,hzl-b1_01 cp006 (HZL-Q1-D3),E1/15,TKR,10Gb
ticksq1,R730xd,,HZL-Q1-D2,Slot 2 port 1,HZL-COLO-NONPTDNDH4-SWA1,HZL-Q1-D1,E1/20,PROD,10Gb
ticksq1,R730xd,,HZL-Q1-D2,Slot 3 port 1,HZL-COLO-NONPTDNDH4-SWA2,hzl-b1_01 cp006 (HZL-Q1-D3),E1/20,PROD,10Gb
topq01,R620,G9L48Z1,HZL-Q1-D1,Slot 2 port 2,HZL-COLO-NONPTDNAGG4-SWA1,HZL-Q1-D1,E1/12,TKR,10Gb
topq01,R620,G9L48Z1,HZL-Q1-D1,Slot 3 port 2,HZL-COLO-NONPTDNAGG4-SWA2,hzl-b1_01 cp006 (HZL-Q1-D3),E1/12,TKR,10Gb
topq01,R620,G9L48Z1,HZL-Q1-D1,Slot 2 port 1,HZL-COLO-NONPTDNDH4-SWA1,HZL-Q1-D1,E1/18,PROD,10Gb
topq01,R620,G9L48Z1,HZL-Q1-D1,Slot 3 port 1,HZL-COLO-NONPTDNDH4-SWA2,hzl-b1_01 cp006 (HZL-Q1-D3),E1/18,PROD,10Gb
topq02,R620,8RXJGZ1,hzl-b1_01 cp006 (HZL-Q1-D3),Slot 2 port 2,HZL-COLO-NONPTDNAGG4-SWA1,HZL-Q1-D1,E1/13,TKR,10Gb
topq02,R620,8RXJGZ1,hzl-b1_01 cp006 (HZL-Q1-D3),Slot 3 port 2,HZL-COLO-NONPTDNAGG4-SWA2,hzl-b1_01 cp006 (HZL-Q1-D3),E1/13,TKR,10Gb
topq02,R620,8RXJGZ1,hzl-b1_01 cp006 (HZL-Q1-D3),Slot 2 port 1,HZL-COLO-NONPTDNDH4-SWA1,HZL-Q1-D1,E1/19,PROD,10Gb
topq02,R620,8RXJGZ1,hzl-b1_01 cp006 (HZL-Q1-D3),Slot 3 port 1,HZL-COLO-NONPTDNDH4-SWA2,hzl-b1_01 cp006 (HZL-Q1-D3),E1/19,PROD,10Gb
tplogq1,X4-4,1523NM900D,HZL-Q1-C1,Slot 11 port 1,HZL-COLO-NONPTDNAGG3-SWA1,hzl-b1_01 cp011 (HZL-Q1-C2),E1/20,GTDL,10Gb
tplogq1,X4-4,1523NM900D,HZL-Q1-C1,Slot 7 port 2,HZL-COLO-NONPTDNAGG3-SWA1,hzl-b1_01 cp011 (HZL-Q1-C2),E1/21,LOG,10Gb
tplogq1,X4-4,1523NM900D,HZL-Q1-C1,Slot 11 port 2,HZL-COLO-NONPTDNAGG3-SWA1,hzl-b1_01 cp011 (HZL-Q1-C2),E1/22,TPFUN,10Gb
tplogq1,X4-4,1523NM900D,HZL-Q1-C1,Slot 1 port 1,HZL-COLO-NONPTDNAGG3-SWA2,hzl-b1_01 cp009 (HZL-Q1-C4),E1/20,GTDL,10Gb
tplogq1,X4-4,1523NM900D,HZL-Q1-C1,Slot 9 port 2,HZL-COLO-NONPTDNAGG3-SWA2,hzl-b1_01 cp009 (HZL-Q1-C4),E1/21,LOG,10Gb
tplogq1,X4-4,1523NM900D,HZL-Q1-C1,Slot 1 port 2,HZL-COLO-NONPTDNAGG3-SWA2,hzl-b1_01 cp009 (HZL-Q1-C4),E1/22,TPFUN,10Gb
tplogq1,X4-4,1523NM900D,HZL-Q1-C1,Slot 7 port 1,HZL-COLO-NONPTDNDH3-SWA1,hzl-b1_01 cp011 (HZL-Q1-C2),E1/17,PROD,10Gb
tplogq1,X4-4,1523NM900D,HZL-Q1-C1,Slot 9 port 1,HZL-COLO-NONPTDNDH3-SWA2,hzl-b1_01 cp009 (HZL-Q1-C4),E1/17,PROD,10Gb
vapdbserverq1,X4-2L,1529NM501D,HZL-Q1-D1,Slot 3 port 1,HZL-COLO-NONPTDNDH4-SWA1,HZL-Q1-D1,E1/24,PRODHYPER,10Gb
vapdbserverq1,X4-2L,1529NM501D,HZL-Q1-D1,Slot 3 port 2,HZL-COLO-NONPTDNDH4-SWA2,hzl-b1_01 cp006 (HZL-Q1-D3),E1/24,PRODHYPER,10Gb
venusq1,X2-4,,hzl-b1_01 cp006 (HZL-Q1-D3),Slot 7 port 2,HZL-COLO-NONPTDNAGG4-SWA1,HZL-Q1-D1,E1/21,TKR,10Gb
venusq1,X2-4,,hzl-b1_01 cp006 (HZL-Q1-D3),Slot 9 port 2,HZL-COLO-NONPTDNAGG4-SWA2,hzl-b1_01 cp006 (HZL-Q1-D3),E1/21,TKR,10Gb
venusq1,X2-4,,hzl-b1_01 cp006 (HZL-Q1-D3),Slot 7 port 1,HZL-COLO-NONPTDNDH4-SWA1,HZL-Q1-D1,E1/32,PROD,10Gb
venusq1,X2-4,,hzl-b1_01 cp006 (HZL-Q1-D3),Slot 9 port 1,HZL-COLO-NONPTDNDH4-SWA2,hzl-b1_01 cp006 (HZL-Q1-D3),E1/32,PROD,10Gb
webbondq1,DL380G8,,HZL-Q1-D1,Slot 2 port 1,HZL-COLO-NONPTDNDH4-SWA1,HZL-Q1-D1,E1/34,WEB,10Gb
webbondq1,DL380G8,,HZL-Q1-D1,Slot 2 port 2,HZL-COLO-NONPTDNDH4-SWA2,hzl-b1_01 cp006 (HZL-Q1-D3),E1/34,WEB,10Gb
websterq1,X3-2L,,HZL-Q1-D1,Slot 3 port 1,HZL-COLO-NONPTDNDH4-SWA1,HZL-Q1-D1,E1/15,PRODHYPER,10Gb
websterq1,X3-2L,,HZL-Q1-D1,Slot 3 port 2,HZL-COLO-NONPTDNDH4-SWA2,hzl-b1_01 cp006 (HZL-Q1-D3),E1/15,PRODHYPER,10Gb
websterq2,X3-2L,,hzl-b1_01 cp006 (HZL-Q1-D3),Slot 3 port 1,HZL-COLO-NONPTDNDH4-SWA1,HZL-Q1-D1,E1/16,PRODHYPER,10Gb
websterq2,X3-2L,,hzl-b1_01 cp006 (HZL-Q1-D3),Slot 3 port 2,HZL-COLO-NONPTDNDH4-SWA2,hzl-b1_01 cp006 (HZL-Q1-D3),E1/16,PRODHYPER,10Gb
wetlandsq1,R720,,HZL-Q1-A1,Slot 2 port 1,HZL-COLO-NONPTDNDH1-SWA1,HZL-Q1-A1,E1/32,EXTHYPER,10Gb
wetlandsq1,R720,,HZL-Q1-A1,Slot 2 port 2,HZL-COLO-NONPTDNDH1-SWA2,hzl-b1_01 cf006 (HZL-Q1-A3),E1/32,EXTHYPER,10Gb
