FQDN System Name,IP Address,Network,Network Range,Broadcast Address,VLAN,VLAN number,Physical System,Logical Net,Logical Interface,Network Scope,TOR switch used
aztecz1.filer.z1.tdn.hzl.ilx.com,10.181.194.32/24,FILER,10.181.194.0/24,10.181.194.255,HZLP-93COLO-TDNH1-A-STORAGE-1,2203,aztecserverz1,PROD,PRODHYPER,Business Site,YES
aztecz1.idcm.z1.tdn.hzl.ilx.com,10.179.0.59/23,IDCM,10.179.0.0/23,10.179.1.255,HZL-COLO-MCE1-IDCM-1,2209,aztecserverz1,PROD,PRODHYPER,Business Site,YES
aztecz1.main.z1.tdn.hzl.ilx.com,10.181.192.59/23,MAIN,10.181.192.0/23,10.181.193.255,HZLP-93COLO-TDNH1-A-MAIN-1,2202,aztecserverz1,PROD,PRODHYPER,Business Site,YES
aztecz1.out.z1.tdn.hzl.ilx.com,10.53.22.59/23,OUT,10.53.22.0/23,10.53.23.255,HZLP-93COLO-TDNH1-A-JUMBO-1,2201,aztecserverz1,PROD,PRODHYPER,Business Site,YES
baffyz1.a.arbi10.z1.tdn.hzl.ilx.com,10.179.4.199/27,A.ARBI10,10.179.4.192/27,10.179.4.223,HZL-COLO-MCE1-ARBI1-2,1702,itcfepcz1a,ARBI10,ARBI10,Business Silo,
baffyz1.a1.etg.z1.tdn.hzl.ilx.com,10.110.15.133/25,A1.ETG,10.110.15.128/25,10.110.15.255,PROD_ERB-Hash-LAN-A,815,itcfepcz1a,ETG,ETG,Business Site,
baffyz1.b1.etg.z1.tdn.hzl.ilx.com,10.110.16.133/25,B1.ETG,10.110.16.128/25,10.110.16.255,PROD_ERB-Hash-LAN-B,816,itcfepcz1a,ETG,ETG,Business Site,
baffyz1.filer.z1.tdn.hzl.ilx.com,10.181.194.34/24,FILER,10.181.194.0/24,10.181.194.255,HZLP-93COLO-TDNH1-A-STORAGE-1,2203,itcfepcz1a,PROD,PRODHYPER,Business Site,YES
baffyz1.gtdl.z1.tdn.hzl.ilx.com,10.179.3.19/26,GTDL,10.179.3.0/26,10.179.3.63,HZL-COLO-MCE1-GTDL-1,1802,itcfepcz1a,GTDL,GTDL,Business Site,
baffyz1.idcm.z1.tdn.hzl.ilx.com,10.179.0.61/23,IDCM,10.179.0.0/23,10.179.1.255,HZL-COLO-MCE1-IDCM-1,2209,itcfepcz1a,PROD,PRODHYPER,Business Site,YES
baffyz1.log.z1.tdn.hzl.ilx.com,10.179.3.74/26,LOG,10.179.3.64/26,10.179.3.127,HZL-COLO-MCE1-LOG1-1,1803,itcfepcz1a,LOG,LOG,Business Silo,
baffyz1.main.z1.tdn.hzl.ilx.com,10.181.192.61/23,MAIN,10.181.192.0/23,10.181.193.255,HZLP-93COLO-TDNH1-A-MAIN-1,2202,itcfepcz1a,PROD,PRODHYPER,Business Site,YES
baffyz1.out.z1.tdn.hzl.ilx.com,10.53.22.61/23,OUT,10.53.22.0/23,10.53.23.255,HZLP-93COLO-TDNH1-A-JUMBO-1,2201,itcfepcz1a,PROD,PRODHYPER,Business Site,YES
blondz1.idcm.z1.tdn.hzl.ilx.com,10.179.0.63/23,IDCM,10.179.0.0/23,10.179.1.255,HZL-COLO-MCE1-IDCM-1,2209,tdngatez1,PROD,PRODPDNHYPER,Business Site,YES
blondz1.main.z1.tdn.hzl.ilx.com,10.181.192.63/23,MAIN,10.181.192.0/23,10.181.193.255,HZLP-93COLO-TDNH1-A-MAIN-1,2202,tdngatez1,PROD,PRODPDNHYPER,Business Site,YES
blondz1.out.z1.tdn.hzl.ilx.com,10.53.22.63/23,OUT,10.53.22.0/23,10.53.23.255,HZLP-93COLO-TDNH1-A-JUMBO-1,2201,tdngatez1,PROD,PRODPDNHYPER,Business Site,YES
blondz1.sec1.z1.tdn.hzl.ilx.com,162.8.96.38/27,SEC1,162.8.96.32/27,162.8.96.63,HDC-SECURE-LAN,2244,tdngatez1,NETCOMMS,PRODPDNHYPER,Business Site,YES
brassiez1.a.arbi10.z1.tdn.hzl.ilx.com,10.179.4.200/27,A.ARBI10,10.179.4.192/27,10.179.4.223,HZL-COLO-MCE1-ARBI1-2,1702,itcfepcz1a,ARBI10,ARBI10,Business Silo,
brassiez1.a1.etg.z1.tdn.hzl.ilx.com,10.110.15.135/25,A1.ETG,10.110.15.128/25,10.110.15.255,PROD_ERB-Hash-LAN-A,815,itcfepcz1a,ETG,ETG,Business Site,
brassiez1.b1.etg.z1.tdn.hzl.ilx.com,10.110.16.135/25,B1.ETG,10.110.16.128/25,10.110.16.255,PROD_ERB-Hash-LAN-B,816,itcfepcz1a,ETG,ETG,Business Site,
brassiez1.filer.z1.tdn.hzl.ilx.com,10.181.194.36/24,FILER,10.181.194.0/24,10.181.194.255,HZLP-93COLO-TDNH1-A-STORAGE-1,2203,itcfepcz1a,PROD,PRODHYPER,Business Site,YES
brassiez1.gtdl.z1.tdn.hzl.ilx.com,10.179.3.21/26,GTDL,10.179.3.0/26,10.179.3.63,HZL-COLO-MCE1-GTDL-1,1802,itcfepcz1a,GTDL,GTDL,Business Site,
brassiez1.idcm.z1.tdn.hzl.ilx.com,10.179.0.64/23,IDCM,10.179.0.0/23,10.179.1.255,HZL-COLO-MCE1-IDCM-1,2209,itcfepcz1a,PROD,PRODHYPER,Business Site,YES
brassiez1.log.z1.tdn.hzl.ilx.com,10.179.3.75/26,LOG,10.179.3.64/26,10.179.3.127,HZL-COLO-MCE1-LOG1-1,1803,itcfepcz1a,LOG,LOG,Business Silo,
brassiez1.main.z1.tdn.hzl.ilx.com,10.181.192.64/23,MAIN,10.181.192.0/23,10.181.193.255,HZLP-93COLO-TDNH1-A-MAIN-1,2202,itcfepcz1a,PROD,PRODHYPER,Business Site,YES
brassiez1.out.z1.tdn.hzl.ilx.com,10.53.22.64/23,OUT,10.53.22.0/23,10.53.23.255,HZLP-93COLO-TDNH1-A-JUMBO-1,2201,itcfepcz1a,PROD,PRODHYPER,Business Site,YES
bsdsrvz1.apphost.z1.tdn.hzl.ilx.com,162.8.248.5/27,APPHOST,162.8.248.0/27,162.8.248.31,HDC-APPHOST-LAN,2247,netsrvz1,NETCOMMS,PRODPDNHYPER,Business Site,YES
bsdsrvz1.filer.z1.tdn.hzl.ilx.com,10.181.194.38/24,FILER,10.181.194.0/24,10.181.194.255,HZLP-93COLO-TDNH1-A-STORAGE-1,2203,netsrvz1,PROD,PRODPDNHYPER,Business Site,YES
bsdsrvz1.idcm.z1.tdn.hzl.ilx.com,10.179.0.66/23,IDCM,10.179.0.0/23,10.179.1.255,HZL-COLO-MCE1-IDCM-1,2209,netsrvz1,PROD,PRODPDNHYPER,Business Site,YES
bsdsrvz1.main.z1.tdn.hzl.ilx.com,10.181.192.66/23,MAIN,10.181.192.0/23,10.181.193.255,HZLP-93COLO-TDNH1-A-MAIN-1,2202,netsrvz1,PROD,PRODPDNHYPER,Business Site,YES
bsdsrvz1.out.z1.tdn.hzl.ilx.com,10.53.22.66/23,OUT,10.53.22.0/23,10.53.23.255,HZLP-93COLO-TDNH1-A-JUMBO-1,2201,netsrvz1,PROD,PRODPDNHYPER,Business Site,YES
bunkerz1.a.arbi10.z1.tdn.hzl.ilx.com,10.179.4.201/27,A.ARBI10,10.179.4.192/27,10.179.4.223,HZL-COLO-MCE1-ARBI1-2,1702,itcfepcz1b,ARBI10,ARBI10,Business Silo,
bunkerz1.a1.etg.z1.tdn.hzl.ilx.com,10.110.15.137/25,A1.ETG,10.110.15.128/25,10.110.15.255,PROD_ERB-Hash-LAN-A,815,itcfepcz1b,ETG,ETG,Business Site,
bunkerz1.b1.etg.z1.tdn.hzl.ilx.com,10.110.16.137/25,B1.ETG,10.110.16.128/25,10.110.16.255,PROD_ERB-Hash-LAN-B,816,itcfepcz1b,ETG,ETG,Business Site,
bunkerz1.filer.z1.tdn.hzl.ilx.com,10.181.194.40/24,FILER,10.181.194.0/24,10.181.194.255,HZLP-93COLO-TDNH1-A-STORAGE-1,2203,itcfepcz1b,PROD,PRODHYPER,Business Site,YES
bunkerz1.gtdl.z1.tdn.hzl.ilx.com,10.179.3.23/26,GTDL,10.179.3.0/26,10.179.3.63,HZL-COLO-MCE1-GTDL-1,1802,itcfepcz1b,GTDL,GTDL,Business Site,
bunkerz1.idcm.z1.tdn.hzl.ilx.com,10.179.0.68/23,IDCM,10.179.0.0/23,10.179.1.255,HZL-COLO-MCE1-IDCM-1,2209,itcfepcz1b,PROD,PRODHYPER,Business Site,YES
bunkerz1.log.z1.tdn.hzl.ilx.com,10.179.3.76/26,LOG,10.179.3.64/26,10.179.3.127,HZL-COLO-MCE1-LOG1-1,1803,itcfepcz1b,LOG,LOG,Business Silo,
bunkerz1.main.z1.tdn.hzl.ilx.com,10.181.192.68/23,MAIN,10.181.192.0/23,10.181.193.255,HZLP-93COLO-TDNH1-A-MAIN-1,2202,itcfepcz1b,PROD,PRODHYPER,Business Site,YES
bunkerz1.out.z1.tdn.hzl.ilx.com,10.53.22.68/23,OUT,10.53.22.0/23,10.53.23.255,HZLP-93COLO-TDNH1-A-JUMBO-1,2201,itcfepcz1b,PROD,PRODHYPER,Business Site,YES
celtz1.filer.z1.tdn.hzl.ilx.com,10.181.194.42/24,FILER,10.181.194.0/24,10.181.194.255,HZLP-93COLO-TDNH1-A-STORAGE-1,2203,celtserverz1,PROD,PRODHYPER,Business Site,YES
celtz1.idcm.z1.tdn.hzl.ilx.com,10.179.0.70/23,IDCM,10.179.0.0/23,10.179.1.255,HZL-COLO-MCE1-IDCM-1,2209,celtserverz1,PROD,PRODHYPER,Business Site,YES
celtz1.main.z1.tdn.hzl.ilx.com,10.181.192.70/23,MAIN,10.181.192.0/23,10.181.193.255,HZLP-93COLO-TDNH1-A-MAIN-1,2202,celtserverz1,PROD,PRODHYPER,Business Site,YES
celtz1.out.z1.tdn.hzl.ilx.com,10.53.22.70/23,OUT,10.53.22.0/23,10.53.23.255,HZLP-93COLO-TDNH1-A-JUMBO-1,2201,celtserverz1,PROD,PRODHYPER,Business Site,YES
cmefepz1.a1.exch.z1.tdn.hzl.ilx.com,159.44.249.1/26,A1.EXCH,159.44.249.0/26,159.44.249.63,HZL-COLO-MCE1-EXCHANGEA-1,1501,dtpfepcz1a,EXCH,EXCH,Business Site,
cmefepz1.a2.exch.z1.tdn.hzl.ilx.com,159.44.249.2/26,A2.EXCH,159.44.249.0/26,159.44.249.63,HZL-COLO-MCE1-EXCHANGEA-1,1501,dtpfepcz1a,EXCH,EXCH,Business Site,
cmefepz1.b1.exch.z1.tdn.hzl.ilx.com,159.44.253.1/26,B1.EXCH,159.44.253.0/26,159.44.253.63,HZL-COLO-MCE1-EXCHANGEB-1,1601,dtpfepcz1a,EXCH,EXCH,Business Site,
cmefepz1.b2.exch.z1.tdn.hzl.ilx.com,159.44.253.2/26,B2.EXCH,159.44.253.0/26,159.44.253.63,HZL-COLO-MCE1-EXCHANGEB-1,1601,dtpfepcz1a,EXCH,EXCH,Business Site,
cmefepz1.feed.z1.tdn.hzl.ilx.com,10.179.2.1/25,FEED,10.179.2.0/25,10.179.2.127,HZL-COLO-MCE1-FEED-1,1800,dtpfepcz1a,FEED,FEED,Business Site,
cmefepz1.fepc.z1.tdn.hzl.ilx.com,10.179.2.132/25,FEPC,10.179.2.128/25,10.179.2.255,HZL-COLO-MCE1-FEPC-1,1801,dtpfepcz1a,FEPC,FEPC,Business Site,
cmefepz1.idcm.z1.tdn.hzl.ilx.com,10.179.0.71/23,IDCM,10.179.0.0/23,10.179.1.255,HZL-COLO-MCE1-IDCM-1,2209,dtpfepcz1a,PROD,PRODHYPER,Business Site,YES
cmefepz1.main.z1.tdn.hzl.ilx.com,10.181.192.71/23,MAIN,10.181.192.0/23,10.181.193.255,HZLP-93COLO-TDNH1-A-MAIN-1,2202,dtpfepcz1a,PROD,PRODHYPER,Business Site,YES
cmefepz1.out.z1.tdn.hzl.ilx.com,10.53.22.71/23,OUT,10.53.22.0/23,10.53.23.255,HZLP-93COLO-TDNH1-A-JUMBO-1,2201,dtpfepcz1a,PROD,PRODHYPER,Business Site,YES
dpfunz1.a.sitetkr.z1.tdn.hzl.ilx.com,10.179.5.102/27,A.SITETKR,10.179.4.96/27,10.179.4.127,HZL-COLO-MCE1-UP4TKR1-2,1512,pfunz1,TKR,TKR,Business Site,
dpfunz1.b.sitetkr.z1.tdn.hzl.ilx.com,10.179.5.166/27,B.SITETKR,10.179.4.160/27,10.179.4.191,HZL-COLO-MCE1-UP4TKR2-2,1612,pfunz1,TKR,TKR,Business Site,
dpfunz1.filer.z1.tdn.hzl.ilx.com,10.181.194.43/24,FILER,10.181.194.0/24,10.181.194.255,HZLP-93COLO-TDNH1-A-STORAGE-1,2203,pfunz1,PROD,PRODHYPER,Business Site,YES
dpfunz1.fundist1.z1.tdn.hzl.ilx.com,162.8.205.1/27,FUNDIST1,162.8.205.0/27,162.8.205.31,HZL-COLO-MCE1-FUNDIST1-1,258,pfunz1,FUNDIST,FUNDIST,Business Product,
dpfunz1.fundist2.z1.tdn.hzl.ilx.com,162.8.253.225/27,FUNDIST2,162.8.253.224/27,162.8.253.255,HZL-COLO-MCE1-FUNDIST2-1,13,pfunz1,FUNDIST,FUNDIST,Business Product,
dpfunz1.funmcast1.z1.tdn.hzl.ilx.com,162.8.200.1/27,FUNMCAST1,162.8.200.0/27,162.8.200.31,HZL-COLO-MCE1-FUNMCAST1-1,258,pfunz1,FUNDIST,FUNDIST,Business Product,
dpfunz1.funmcast2.z1.tdn.hzl.ilx.com,162.8.201.1/27,FUNMCAST2,162.8.201.0/27,162.8.201.31,HZL-COLO-MCE1-FUNMCAST2-1,13,pfunz1,FUNDIST,FUNDIST,Business Product,
dpfunz1.idcm.z1.tdn.hzl.ilx.com,10.179.0.73/23,IDCM,10.179.0.0/23,10.179.1.255,HZL-COLO-MCE1-IDCM-1,2209,pfunz1,PROD,PRODHYPER,Business Site,YES
dpfunz1.main.z1.tdn.hzl.ilx.com,10.181.192.73/23,MAIN,10.181.192.0/23,10.181.193.255,HZLP-93COLO-TDNH1-A-MAIN-1,2202,pfunz1,PROD,PRODHYPER,Business Site,YES
dpfunz1.out.z1.tdn.hzl.ilx.com,10.53.22.73/23,OUT,10.53.22.0/23,10.53.23.255,HZLP-93COLO-TDNH1-A-JUMBO-1,2201,pfunz1,PROD,PRODHYPER,Business Site,YES
dpfunz1.tpfun.z1.tdn.hzl.ilx.com,10.179.3.209/26,TPFUN,10.179.3.192/26,10.179.3.255,HZL-COLO-MCE1-TPFUN-1,1805,pfunz1,TPFUN,TPFUN,Business Site,
dpfunz3.a.sitetkr.z1.tdn.hzl.ilx.com,10.179.4.112/27,A.SITETKR,10.179.4.96/27,10.179.4.127,HZL-COLO-MCE1-UP4TKR1-2,1512,pfunz3,TKR,TKR,Business Site,
dpfunz3.b.sitetkr.z1.tdn.hzl.ilx.com,10.179.4.176/27,B.SITETKR,10.179.4.160/27,10.179.4.191,HZL-COLO-MCE1-UP4TKR2-2,1612,pfunz3,TKR,TKR,Business Site,
dpfunz3.filer.z1.tdn.hzl.ilx.com,10.181.194.45/24,FILER,10.181.194.0/24,10.181.194.255,HZLP-93COLO-TDNH1-A-STORAGE-1,2203,pfunz3,PROD,PRODHYPER,Business Site,YES
dpfunz3.fundist1.z1.tdn.hzl.ilx.com,162.8.205.11/27,FUNDIST1,162.8.205.0/27,162.8.205.31,HZL-COLO-MCE1-FUNDIST1-1,258,pfunz3,FUNDIST,FUNDIST,Business Product,
dpfunz3.fundist2.z1.tdn.hzl.ilx.com,162.8.253.251/27,FUNDIST2,162.8.253.224/27,162.8.253.255,HZL-COLO-MCE1-FUNDIST2-1,13,pfunz3,FUNDIST,FUNDIST,Business Product,
dpfunz3.funmcast1.z1.tdn.hzl.ilx.com,162.8.200.11/27,FUNMCAST1,162.8.200.0/27,162.8.200.31,HZL-COLO-MCE1-FUNMCAST1-1,258,pfunz3,FUNDIST,FUNDIST,Business Product,
dpfunz3.funmcast2.z1.tdn.hzl.ilx.com,162.8.201.11/27,FUNMCAST2,162.8.201.0/27,162.8.201.31,HZL-COLO-MCE1-FUNMCAST2-1,13,pfunz3,FUNDIST,FUNDIST,Business Product,
dpfunz3.idcm.z1.tdn.hzl.ilx.com,10.179.0.75/23,IDCM,10.179.0.0/23,10.179.1.255,HZL-COLO-MCE1-IDCM-1,2209,pfunz3,PROD,PRODHYPER,Business Site,YES
dpfunz3.main.z1.tdn.hzl.ilx.com,10.181.192.75/23,MAIN,10.181.192.0/23,10.181.193.255,HZLP-93COLO-TDNH1-A-MAIN-1,2202,pfunz3,PROD,PRODHYPER,Business Site,YES
dpfunz3.out.z1.tdn.hzl.ilx.com,10.53.22.75/23,OUT,10.53.22.0/23,10.53.23.255,HZLP-93COLO-TDNH1-A-JUMBO-1,2201,pfunz3,PROD,PRODHYPER,Business Site,YES
dpfunz3.tpfun.z1.tdn.hzl.ilx.com,10.179.3.211/26,TPFUN,10.179.3.192/26,10.179.3.255,HZL-COLO-MCE1-TPFUN-1,1805,pfunz3,TPFUN,TPFUN,Business Site,
ecntpz1.a.arbi40.z1.tdn.hzl.ilx.com,10.179.4.4/27,A.ARBI40,10.179.4.0/27,10.179.4.31,HZL-COLO-MCE1-ARBI1-1,1700,bookz1,ARBI40,ARBI40,Business Silo,
ecntpz1.feed.z1.tdn.hzl.ilx.com,10.179.2.3/25,FEED,10.179.2.0/25,10.179.2.127,HZL-COLO-MCE1-FEED-1,1800,bookz1,FEED,FEED,Business Site,
ecntpz1.filer.z1.tdn.hzl.ilx.com,10.181.194.46/24,FILER,10.181.194.0/24,10.181.194.255,HZLP-93COLO-TDNH1-A-STORAGE-1,2203,bookz1,PROD,PRODHYPER,Business Site,YES
ecntpz1.idcm.z1.tdn.hzl.ilx.com,10.179.0.76/23,IDCM,10.179.0.0/23,10.179.1.255,HZL-COLO-MCE1-IDCM-1,2209,bookz1,PROD,PRODHYPER,Business Site,YES
ecntpz1.main.z1.tdn.hzl.ilx.com,10.181.192.76/23,MAIN,10.181.192.0/23,10.181.193.255,HZLP-93COLO-TDNH1-A-MAIN-1,2202,bookz1,PROD,PRODHYPER,Business Site,YES
ecntpz1.out.z1.tdn.hzl.ilx.com,10.53.22.76/23,OUT,10.53.22.0/23,10.53.23.255,HZLP-93COLO-TDNH1-A-JUMBO-1,2201,bookz1,PROD,PRODHYPER,Business Site,YES
ecnz1.a1.exch.z1.tdn.hzl.ilx.com,159.44.249.5/26,A1.EXCH,159.44.249.0/26,159.44.249.63,HZL-COLO-MCE1-EXCHANGEA-1,1501,dtpfepcz1a,EXCH,EXCH,Business Site,
ecnz1.a2.exch.z1.tdn.hzl.ilx.com,159.44.249.6/26,A2.EXCH,159.44.249.0/26,159.44.249.63,HZL-COLO-MCE1-EXCHANGEA-1,1501,dtpfepcz1a,EXCH,EXCH,Business Site,
ecnz1.b1.exch.z1.tdn.hzl.ilx.com,159.44.253.5/26,B1.EXCH,159.44.253.0/26,159.44.253.63,HZL-COLO-MCE1-EXCHANGEB-1,1601,dtpfepcz1a,EXCH,EXCH,Business Site,
ecnz1.b2.exch.z1.tdn.hzl.ilx.com,159.44.253.6/26,B2.EXCH,159.44.253.0/26,159.44.253.63,HZL-COLO-MCE1-EXCHANGEB-1,1601,dtpfepcz1a,EXCH,EXCH,Business Site,
ecnz1.feed.z1.tdn.hzl.ilx.com,10.179.2.5/25,FEED,10.179.2.0/25,10.179.2.127,HZL-COLO-MCE1-FEED-1,1800,dtpfepcz1a,FEED,FEED,Business Site,
ecnz1.fepc.z1.tdn.hzl.ilx.com,10.179.2.134/25,FEPC,10.179.2.128/25,10.179.2.255,HZL-COLO-MCE1-FEPC-1,1801,dtpfepcz1a,FEPC,FEPC,Business Site,
ecnz1.idcm.z1.tdn.hzl.ilx.com,10.179.0.78/23,IDCM,10.179.0.0/23,10.179.1.255,HZL-COLO-MCE1-IDCM-1,2209,dtpfepcz1a,PROD,PRODHYPER,Business Site,YES
ecnz1.main.z1.tdn.hzl.ilx.com,10.181.192.78/23,MAIN,10.181.192.0/23,10.181.193.255,HZLP-93COLO-TDNH1-A-MAIN-1,2202,dtpfepcz1a,PROD,PRODHYPER,Business Site,YES
ecnz1.out.z1.tdn.hzl.ilx.com,10.53.22.78/23,OUT,10.53.22.0/23,10.53.23.255,HZLP-93COLO-TDNH1-A-JUMBO-1,2201,dtpfepcz1a,PROD,PRODHYPER,Business Site,YES
excresz1.filer.z1.tdn.hzl.ilx.com,10.181.194.48/24,FILER,10.181.194.0/24,10.181.194.255,HZLP-93COLO-TDNH1-A-STORAGE-1,2203,tdneodz1,PROD,PRODHYPER,Business Site,YES
excresz1.idcm.z1.tdn.hzl.ilx.com,10.179.0.80/23,IDCM,10.179.0.0/23,10.179.1.255,HZL-COLO-MCE1-IDCM-1,2209,tdneodz1,PROD,PRODHYPER,Business Site,YES
excresz1.main.z1.tdn.hzl.ilx.com,10.181.192.80/23,MAIN,10.181.192.0/23,10.181.193.255,HZLP-93COLO-TDNH1-A-MAIN-1,2202,tdneodz1,PROD,PRODHYPER,Business Site,YES
excresz1.out.z1.tdn.hzl.ilx.com,10.53.22.80/23,OUT,10.53.22.0/23,10.53.23.255,HZLP-93COLO-TDNH1-A-JUMBO-1,2201,tdneodz1,PROD,PRODHYPER,Business Site,YES
fitdbz1.filer.z1.tdn.hzl.ilx.com,10.181.194.50/24,FILER,10.181.194.0/24,10.181.194.255,HZLP-93COLO-TDNH1-A-STORAGE-1,2203,fitdbserverz1,PROD,PRODHYPER,Business Site,YES
fitdbz1.idcm.z1.tdn.hzl.ilx.com,10.179.0.82/23,IDCM,10.179.0.0/23,10.179.1.255,HZL-COLO-MCE1-IDCM-1,2209,fitdbserverz1,PROD,PRODHYPER,Business Site,YES
fitdbz1.main.z1.tdn.hzl.ilx.com,10.181.192.82/23,MAIN,10.181.192.0/23,10.181.193.255,HZLP-93COLO-TDNH1-A-MAIN-1,2202,fitdbserverz1,PROD,PRODHYPER,Business Site,YES
fitdbz1.out.z1.tdn.hzl.ilx.com,10.53.22.82/23,OUT,10.53.22.0/23,10.53.23.255,HZLP-93COLO-TDNH1-A-JUMBO-1,2201,fitdbserverz1,PROD,PRODHYPER,Business Site,YES
fixedz1.a1.exch.z1.tdn.hzl.ilx.com,159.44.249.9/26,A1.EXCH,159.44.249.0/26,159.44.249.63,HZL-COLO-MCE1-EXCHANGEA-1,1501,dtpfepcz1a,EXCH,EXCH,Business Site,
fixedz1.a2.exch.z1.tdn.hzl.ilx.com,159.44.249.10/26,A2.EXCH,159.44.249.0/26,159.44.249.63,HZL-COLO-MCE1-EXCHANGEA-1,1501,dtpfepcz1a,EXCH,EXCH,Business Site,
fixedz1.b1.exch.z1.tdn.hzl.ilx.com,159.44.253.9/26,B1.EXCH,159.44.253.0/26,159.44.253.63,HZL-COLO-MCE1-EXCHANGEB-1,1601,dtpfepcz1a,EXCH,EXCH,Business Site,
fixedz1.b2.exch.z1.tdn.hzl.ilx.com,159.44.253.10/26,B2.EXCH,159.44.253.0/26,159.44.253.63,HZL-COLO-MCE1-EXCHANGEB-1,1601,dtpfepcz1a,EXCH,EXCH,Business Site,
fixedz1.feed.z1.tdn.hzl.ilx.com,10.179.2.7/25,FEED,10.179.2.0/25,10.179.2.127,HZL-COLO-MCE1-FEED-1,1800,dtpfepcz1a,FEED,FEED,Business Site,
fixedz1.fepc.z1.tdn.hzl.ilx.com,10.179.2.136/25,FEPC,10.179.2.128/25,10.179.2.255,HZL-COLO-MCE1-FEPC-1,1801,dtpfepcz1a,FEPC,FEPC,Business Site,
fixedz1.idcm.z1.tdn.hzl.ilx.com,10.179.0.84/23,IDCM,10.179.0.0/23,10.179.1.255,HZL-COLO-MCE1-IDCM-1,2209,dtpfepcz1a,PROD,PRODHYPER,Business Site,YES
fixedz1.main.z1.tdn.hzl.ilx.com,10.181.192.84/23,MAIN,10.181.192.0/23,10.181.193.255,HZLP-93COLO-TDNH1-A-MAIN-1,2202,dtpfepcz1a,PROD,PRODHYPER,Business Site,YES
fixedz1.out.z1.tdn.hzl.ilx.com,10.53.22.84/23,OUT,10.53.22.0/23,10.53.23.255,HZLP-93COLO-TDNH1-A-JUMBO-1,2201,dtpfepcz1a,PROD,PRODHYPER,Business Site,YES
fjordz1.ext.z1.tdn.hzl.ilx.com,10.53.24.21/24,EXT,10.53.24.0/24,10.53.24.255,HZLP-93COLO-MGTM1-A-JUMBO-1,2230,airstreamz1,EXT,EXTHYPER,Business Site,YES
ftbfz1.idcm.z1.tdn.hzl.ilx.com,10.179.0.86/23,IDCM,10.179.0.0/23,10.179.1.255,HZL-COLO-MCE1-IDCM-1,2209,tdngatez1,PROD,PRODPDNHYPER,Business Site,YES
ftbfz1.main.z1.tdn.hzl.ilx.com,10.181.192.86/23,MAIN,10.181.192.0/23,10.181.193.255,HZLP-93COLO-TDNH1-A-MAIN-1,2202,tdngatez1,PROD,PRODPDNHYPER,Business Site,YES
ftbfz1.out.z1.tdn.hzl.ilx.com,10.53.22.86/23,OUT,10.53.22.0/23,10.53.23.255,HZLP-93COLO-TDNH1-A-JUMBO-1,2201,tdngatez1,PROD,PRODPDNHYPER,Business Site,YES
fundjobz1.filer.z1.tdn.hzl.ilx.com,10.181.194.52/24,FILER,10.181.194.0/24,10.181.194.255,HZLP-93COLO-TDNH1-A-STORAGE-1,2203,tdneodz1,PROD,PRODHYPER,Business Site,YES
fundjobz1.idcm.z1.tdn.hzl.ilx.com,10.179.0.88/23,IDCM,10.179.0.0/23,10.179.1.255,HZL-COLO-MCE1-IDCM-1,2209,tdneodz1,PROD,PRODHYPER,Business Site,YES
fundjobz1.main.z1.tdn.hzl.ilx.com,10.181.192.88/23,MAIN,10.181.192.0/23,10.181.193.255,HZLP-93COLO-TDNH1-A-MAIN-1,2202,tdneodz1,PROD,PRODHYPER,Business Site,YES
fundjobz1.out.z1.tdn.hzl.ilx.com,10.53.22.88/23,OUT,10.53.22.0/23,10.53.23.255,HZLP-93COLO-TDNH1-A-JUMBO-1,2201,tdneodz1,PROD,PRODHYPER,Business Site,YES
gadgetz1.web.z1.tdn.hzl.ilx.com,10.53.20.17/24,WEB,10.53.20.0/24,10.53.20.255,HZLP-93COLO-TDNM1-A-JUMBO-1,2210,jetsonz1,WEB,WEBHYPER,Business Site,YES
gadgetz1.webfs.z1.tdn.hzl.ilx.com,10.181.195.16/24,WEBFS,10.181.195.0/24,10.181.195.255,HZLP-93COLO-TDNM1-A-WEBFS-1,2211,jetsonz1,WEB,WEBHYPER,Business Site,YES
gadgetz3.web.z1.tdn.hzl.ilx.com,10.53.20.19/24,WEB,10.53.20.0/24,10.53.20.255,HZLP-93COLO-TDNM1-A-JUMBO-1,2210,jetsonz1,WEB,WEBHYPER,Business Site,YES
gadgetz3.webfs.z1.tdn.hzl.ilx.com,10.181.195.18/24,WEBFS,10.181.195.0/24,10.181.195.255,HZLP-93COLO-TDNM1-A-WEBFS-1,2211,jetsonz1,WEB,WEBHYPER,Business Site,YES
globez1.a.livetkr.z1.tdn.hzl.ilx.com,10.179.4.83/27,A.LIVETKR,10.179.4.64/27,10.179.4.95,HZL-COLO-MCE1-LIVETKR1-1,1511,tdneodz1,TKR,TKR,Business Site,
globez1.a.sitetkr.z1.tdn.hzl.ilx.com,10.179.4.113/27,A.SITETKR,10.179.4.96/27,10.179.4.127,HZL-COLO-MCE1-UP4TKR1-2,1512,tdneodz1,TKR,TKR,Business Site,
globez1.b.livetkr.z1.tdn.hzl.ilx.com,10.179.4.147/27,B.LIVETKR,10.179.4.128/27,10.179.4.159,HZL-COLO-MCE1-LIVETKR2-1,1611,tdneodz1,TKR,TKR,Business Site,
globez1.b.sitetkr.z1.tdn.hzl.ilx.com,10.179.4.177/27,B.SITETKR,10.179.4.160/27,10.179.4.191,HZL-COLO-MCE1-UP4TKR2-2,1612,tdneodz1,TKR,TKR,Business Site,
globez1.filer.z1.tdn.hzl.ilx.com,10.181.194.54/24,FILER,10.181.194.0/24,10.181.194.255,HZLP-93COLO-TDNH1-A-STORAGE-1,2203,tdneodz1,PROD,PRODHYPER,Business Site,YES
globez1.idcm.z1.tdn.hzl.ilx.com,10.179.0.90/23,IDCM,10.179.0.0/23,10.179.1.255,HZL-COLO-MCE1-IDCM-1,2209,tdneodz1,PROD,PRODHYPER,Business Site,YES
globez1.main.z1.tdn.hzl.ilx.com,10.181.192.90/23,MAIN,10.181.192.0/23,10.181.193.255,HZLP-93COLO-TDNH1-A-MAIN-1,2202,tdneodz1,PROD,PRODHYPER,Business Site,YES
globez1.out.z1.tdn.hzl.ilx.com,10.53.22.90/23,OUT,10.53.22.0/23,10.53.23.255,HZLP-93COLO-TDNH1-A-JUMBO-1,2201,tdneodz1,PROD,PRODHYPER,Business Site,YES
gpfunz1.a.sitetkr.z1.tdn.hzl.ilx.com,10.179.5.103/27,A.SITETKR,10.179.4.96/27,10.179.4.127,HZL-COLO-MCE1-UP4TKR1-2,1512,pfunz1,TKR,TKR,Business Site,
gpfunz1.b.sitetkr.z1.tdn.hzl.ilx.com,10.179.5.167/27,B.SITETKR,10.179.4.160/27,10.179.4.191,HZL-COLO-MCE1-UP4TKR2-2,1612,pfunz1,TKR,TKR,Business Site,
gpfunz1.filer.z1.tdn.hzl.ilx.com,10.181.194.56/24,FILER,10.181.194.0/24,10.181.194.255,HZLP-93COLO-TDNH1-A-STORAGE-1,2203,pfunz1,PROD,PRODHYPER,Business Site,YES
gpfunz1.fundist1.z1.tdn.hzl.ilx.com,162.8.205.4/27,FUNDIST1,162.8.205.0/27,162.8.205.31,HZL-COLO-MCE1-FUNDIST1-1,258,pfunz1,FUNDIST,FUNDIST,Business Product,
gpfunz1.fundist2.z1.tdn.hzl.ilx.com,162.8.253.228/27,FUNDIST2,162.8.253.224/27,162.8.253.255,HZL-COLO-MCE1-FUNDIST2-1,13,pfunz1,FUNDIST,FUNDIST,Business Product,
gpfunz1.funmcast1.z1.tdn.hzl.ilx.com,162.8.200.4/27,FUNMCAST1,162.8.200.0/27,162.8.200.31,HZL-COLO-MCE1-FUNMCAST1-1,258,pfunz1,FUNDIST,FUNDIST,Business Product,
gpfunz1.funmcast2.z1.tdn.hzl.ilx.com,162.8.201.4/27,FUNMCAST2,162.8.201.0/27,162.8.201.31,HZL-COLO-MCE1-FUNMCAST2-1,13,pfunz1,FUNDIST,FUNDIST,Business Product,
gpfunz1.idcm.z1.tdn.hzl.ilx.com,10.179.0.92/23,IDCM,10.179.0.0/23,10.179.1.255,HZL-COLO-MCE1-IDCM-1,2209,pfunz1,PROD,PRODHYPER,Business Site,YES
gpfunz1.main.z1.tdn.hzl.ilx.com,10.181.192.92/23,MAIN,10.181.192.0/23,10.181.193.255,HZLP-93COLO-TDNH1-A-MAIN-1,2202,pfunz1,PROD,PRODHYPER,Business Site,YES
gpfunz1.out.z1.tdn.hzl.ilx.com,10.53.22.92/23,OUT,10.53.22.0/23,10.53.23.255,HZLP-93COLO-TDNH1-A-JUMBO-1,2201,pfunz1,PROD,PRODHYPER,Business Site,YES
gpfunz1.tpfun.z1.tdn.hzl.ilx.com,10.179.3.212/26,TPFUN,10.179.3.192/26,10.179.3.255,HZL-COLO-MCE1-TPFUN-1,1805,pfunz1,TPFUN,TPFUN,Business Site,
gpfunz3.a.sitetkr.z1.tdn.hzl.ilx.com,10.179.4.117/27,A.SITETKR,10.179.4.96/27,10.179.4.127,HZL-COLO-MCE1-UP4TKR1-2,1512,pfunz3,TKR,TKR,Business Site,
gpfunz3.b.sitetkr.z1.tdn.hzl.ilx.com,10.179.4.181/27,B.SITETKR,10.179.4.160/27,10.179.4.191,HZL-COLO-MCE1-UP4TKR2-2,1612,pfunz3,TKR,TKR,Business Site,
gpfunz3.filer.z1.tdn.hzl.ilx.com,10.181.194.58/24,FILER,10.181.194.0/24,10.181.194.255,HZLP-93COLO-TDNH1-A-STORAGE-1,2203,pfunz3,PROD,PRODHYPER,Business Site,YES
gpfunz3.fundist1.z1.tdn.hzl.ilx.com,162.8.205.29/27,FUNDIST1,162.8.205.0/27,162.8.205.31,HZL-COLO-MCE1-FUNDIST1-1,258,pfunz3,FUNDIST,FUNDIST,Business Product,
gpfunz3.fundist2.z1.tdn.hzl.ilx.com,162.8.253.226/27,FUNDIST2,162.8.253.224/27,162.8.253.255,HZL-COLO-MCE1-FUNDIST2-1,13,pfunz3,FUNDIST,FUNDIST,Business Product,
gpfunz3.funmcast1.z1.tdn.hzl.ilx.com,162.8.200.23/27,FUNMCAST1,162.8.200.0/27,162.8.200.31,HZL-COLO-MCE1-FUNMCAST1-1,258,pfunz3,FUNDIST,FUNDIST,Business Product,
gpfunz3.funmcast2.z1.tdn.hzl.ilx.com,162.8.201.23/27,FUNMCAST2,162.8.201.0/27,162.8.201.31,HZL-COLO-MCE1-FUNMCAST2-1,13,pfunz3,FUNDIST,FUNDIST,Business Product,
gpfunz3.idcm.z1.tdn.hzl.ilx.com,10.179.0.94/23,IDCM,10.179.0.0/23,10.179.1.255,HZL-COLO-MCE1-IDCM-1,2209,pfunz3,PROD,PRODHYPER,Business Site,YES
gpfunz3.main.z1.tdn.hzl.ilx.com,10.181.192.94/23,MAIN,10.181.192.0/23,10.181.193.255,HZLP-93COLO-TDNH1-A-MAIN-1,2202,pfunz3,PROD,PRODHYPER,Business Site,YES
gpfunz3.out.z1.tdn.hzl.ilx.com,10.53.22.94/23,OUT,10.53.22.0/23,10.53.23.255,HZLP-93COLO-TDNH1-A-JUMBO-1,2201,pfunz3,PROD,PRODHYPER,Business Site,YES
gpfunz3.tpfun.z1.tdn.hzl.ilx.com,10.179.3.214/26,TPFUN,10.179.3.192/26,10.179.3.255,HZL-COLO-MCE1-TPFUN-1,1805,pfunz3,TPFUN,TPFUN,Business Site,
gsmappprod01z.host.z1.tdn.hzl.ilx.com,10.53.26.34/27,HOST,10.53.26.32/27,10.53.26.63,HZLP-93COLO-TDNH1-A-HOST-1,2241,fismz1,HOST,HOSTHYPER,Business Site,YES
gsmappprod01z.hostrep.z1.tdn.hzl.ilx.com,10.53.26.98/27,HOSTREP,10.53.26.96/27,10.53.26.127,HZLP-93COLO-TDNH1-A-HOSTREP-1,2243,fismz1,HOST,HOSTHYPER,Business Site,YES
hqmonetz1.idcm.z1.tdn.hzl.ilx.com,10.179.0.95/23,IDCM,10.179.0.0/23,10.179.1.255,HZL-COLO-MCE1-IDCM-1,2209,monetz1,PROD,PRODHYPER,Business Site,YES
hqmonetz1.main.z1.tdn.hzl.ilx.com,10.181.192.95/23,MAIN,10.181.192.0/23,10.181.193.255,HZLP-93COLO-TDNH1-A-MAIN-1,2202,monetz1,PROD,PRODHYPER,Business Site,YES
hqmonetz1.out.z1.tdn.hzl.ilx.com,10.53.22.95/23,OUT,10.53.22.0/23,10.53.23.255,HZLP-93COLO-TDNH1-A-JUMBO-1,2201,monetz1,PROD,PRODHYPER,Business Site,YES
incaz1.filer.z1.tdn.hzl.ilx.com,10.181.194.59/24,FILER,10.181.194.0/24,10.181.194.255,HZLP-93COLO-TDNH1-A-STORAGE-1,2203,incaserverz1,PROD,PRODHYPER,Business Site,YES
incaz1.idcm.z1.tdn.hzl.ilx.com,10.179.0.96/23,IDCM,10.179.0.0/23,10.179.1.255,HZL-COLO-MCE1-IDCM-1,2209,incaserverz1,PROD,PRODHYPER,Business Site,YES
incaz1.main.z1.tdn.hzl.ilx.com,10.181.192.96/23,MAIN,10.181.192.0/23,10.181.193.255,HZLP-93COLO-TDNH1-A-MAIN-1,2202,incaserverz1,PROD,PRODHYPER,Business Site,YES
incaz1.out.z1.tdn.hzl.ilx.com,10.53.22.96/23,OUT,10.53.22.0/23,10.53.23.255,HZLP-93COLO-TDNH1-A-JUMBO-1,2201,incaserverz1,PROD,PRODHYPER,Business Site,YES
ldapz1.apphost.z1.tdn.hzl.ilx.com,162.8.248.7/27,APPHOST,162.8.248.0/27,162.8.248.31,HDC-APPHOST-LAN,2247,netsrvz1,NETCOMMS,PRODPDNHYPER,Business Site,YES
ldapz1.filer.z1.tdn.hzl.ilx.com,10.181.194.61/24,FILER,10.181.194.0/24,10.181.194.255,HZLP-93COLO-TDNH1-A-STORAGE-1,2203,netsrvz1,PROD,PRODPDNHYPER,Business Site,YES
ldapz1.idcm.z1.tdn.hzl.ilx.com,10.179.0.98/23,IDCM,10.179.0.0/23,10.179.1.255,HZL-COLO-MCE1-IDCM-1,2209,netsrvz1,PROD,PRODPDNHYPER,Business Site,YES
ldapz1.main.z1.tdn.hzl.ilx.com,10.181.192.98/23,MAIN,10.181.192.0/23,10.181.193.255,HZLP-93COLO-TDNH1-A-MAIN-1,2202,netsrvz1,PROD,PRODPDNHYPER,Business Site,YES
ldapz1.out.z1.tdn.hzl.ilx.com,10.53.22.98/23,OUT,10.53.22.0/23,10.53.23.255,HZLP-93COLO-TDNH1-A-JUMBO-1,2201,netsrvz1,PROD,PRODPDNHYPER,Business Site,YES
levelz1.a.arbi40.z1.tdn.hzl.ilx.com,10.179.4.5/27,A.ARBI40,10.179.4.0/27,10.179.4.31,HZL-COLO-MCE1-ARBI1-1,1700,bookz1,ARBI40,ARBI40,Business Silo,
levelz1.feed.z1.tdn.hzl.ilx.com,10.179.2.9/25,FEED,10.179.2.0/25,10.179.2.127,HZL-COLO-MCE1-FEED-1,1800,bookz1,FEED,FEED,Business Site,
levelz1.filer.z1.tdn.hzl.ilx.com,10.181.194.63/24,FILER,10.181.194.0/24,10.181.194.255,HZLP-93COLO-TDNH1-A-STORAGE-1,2203,bookz1,PROD,PRODHYPER,Business Site,YES
levelz1.idcm.z1.tdn.hzl.ilx.com,10.179.0.100/23,IDCM,10.179.0.0/23,10.179.1.255,HZL-COLO-MCE1-IDCM-1,2209,bookz1,PROD,PRODHYPER,Business Site,YES
levelz1.main.z1.tdn.hzl.ilx.com,10.181.192.100/23,MAIN,10.181.192.0/23,10.181.193.255,HZLP-93COLO-TDNH1-A-MAIN-1,2202,bookz1,PROD,PRODHYPER,Business Site,YES
levelz1.out.z1.tdn.hzl.ilx.com,10.53.22.100/23,OUT,10.53.22.0/23,10.53.23.255,HZLP-93COLO-TDNH1-A-JUMBO-1,2201,bookz1,PROD,PRODHYPER,Business Site,YES
liffez1.a1.exch.z1.tdn.hzl.ilx.com,159.44.249.13/26,A1.EXCH,159.44.249.0/26,159.44.249.63,HZL-COLO-MCE1-EXCHANGEA-1,1501,dtpfepcz1a,EXCH,EXCH,Business Site,
liffez1.a2.exch.z1.tdn.hzl.ilx.com,159.44.249.18/26,A2.EXCH,159.44.249.0/26,159.44.249.63,HZL-COLO-MCE1-EXCHANGEA-1,1501,dtpfepcz1a,EXCH,EXCH,Business Site,
liffez1.b1.exch.z1.tdn.hzl.ilx.com,159.44.253.13/26,B1.EXCH,159.44.253.0/26,159.44.253.63,HZL-COLO-MCE1-EXCHANGEB-1,1601,dtpfepcz1a,EXCH,EXCH,Business Site,
liffez1.b2.exch.z1.tdn.hzl.ilx.com,159.44.253.18/26,B2.EXCH,159.44.253.0/26,159.44.253.63,HZL-COLO-MCE1-EXCHANGEB-1,1601,dtpfepcz1a,EXCH,EXCH,Business Site,
liffez1.feed.z1.tdn.hzl.ilx.com,10.179.2.11/25,FEED,10.179.2.0/25,10.179.2.127,HZL-COLO-MCE1-FEED-1,1800,dtpfepcz1a,FEED,FEED,Business Site,
liffez1.fepc.z1.tdn.hzl.ilx.com,10.179.2.138/25,FEPC,10.179.2.128/25,10.179.2.255,HZL-COLO-MCE1-FEPC-1,1801,dtpfepcz1a,FEPC,FEPC,Business Site,
liffez1.idcm.z1.tdn.hzl.ilx.com,10.179.0.102/23,IDCM,10.179.0.0/23,10.179.1.255,HZL-COLO-MCE1-IDCM-1,2209,dtpfepcz1a,PROD,PRODHYPER,Business Site,YES
liffez1.main.z1.tdn.hzl.ilx.com,10.181.192.102/23,MAIN,10.181.192.0/23,10.181.193.255,HZLP-93COLO-TDNH1-A-MAIN-1,2202,dtpfepcz1a,PROD,PRODHYPER,Business Site,YES
liffez1.out.z1.tdn.hzl.ilx.com,10.53.22.102/23,OUT,10.53.22.0/23,10.53.23.255,HZLP-93COLO-TDNH1-A-JUMBO-1,2201,dtpfepcz1a,PROD,PRODHYPER,Business Site,YES
looniez1.a1.exch.z1.tdn.hzl.ilx.com,159.44.249.17/26,A1.EXCH,159.44.249.0/26,159.44.249.63,HZL-COLO-MCE1-EXCHANGEA-1,1501,dtpfepcz1a,EXCH,EXCH,Business Site,
looniez1.a2.exch.z1.tdn.hzl.ilx.com,159.44.249.18/26,A2.EXCH,159.44.249.0/26,159.44.249.63,HZL-COLO-MCE1-EXCHANGEA-1,1501,dtpfepcz1a,EXCH,EXCH,Business Site,
looniez1.b1.exch.z1.tdn.hzl.ilx.com,159.44.253.17/26,B1.EXCH,159.44.253.0/26,159.44.253.63,HZL-COLO-MCE1-EXCHANGEB-1,1601,dtpfepcz1a,EXCH,EXCH,Business Site,
looniez1.b2.exch.z1.tdn.hzl.ilx.com,159.44.253.18/26,B2.EXCH,159.44.253.0/26,159.44.253.63,HZL-COLO-MCE1-EXCHANGEB-1,1601,dtpfepcz1a,EXCH,EXCH,Business Site,
looniez1.feed.z1.tdn.hzl.ilx.com,10.179.2.13/25,FEED,10.179.2.0/25,10.179.2.127,HZL-COLO-MCE1-FEED-1,1800,dtpfepcz1a,FEED,FEED,Business Site,
looniez1.fepc.z1.tdn.hzl.ilx.com,10.179.2.140/25,FEPC,10.179.2.128/25,10.179.2.255,HZL-COLO-MCE1-FEPC-1,1801,dtpfepcz1a,FEPC,FEPC,Business Site,
looniez1.idcm.z1.tdn.hzl.ilx.com,10.179.0.104/23,IDCM,10.179.0.0/23,10.179.1.255,HZL-COLO-MCE1-IDCM-1,2209,dtpfepcz1a,PROD,PRODHYPER,Business Site,YES
looniez1.main.z1.tdn.hzl.ilx.com,10.181.192.104/23,MAIN,10.181.192.0/23,10.181.193.255,HZLP-93COLO-TDNH1-A-MAIN-1,2202,dtpfepcz1a,PROD,PRODHYPER,Business Site,YES
looniez1.out.z1.tdn.hzl.ilx.com,10.53.22.104/23,OUT,10.53.22.0/23,10.53.23.255,HZLP-93COLO-TDNH1-A-JUMBO-1,2201,dtpfepcz1a,PROD,PRODHYPER,Business Site,YES
mailsrvz1.apphost.z1.tdn.hzl.ilx.com,162.8.248.9/27,APPHOST,162.8.248.0/27,162.8.248.31,HDC-APPHOST-LAN,2247,netsrvz1,NETCOMMS,PRODPDNHYPER,Business Site,YES
mailsrvz1.filer.z1.tdn.hzl.ilx.com,10.181.194.65/24,FILER,10.181.194.0/24,10.181.194.255,HZLP-93COLO-TDNH1-A-STORAGE-1,2203,netsrvz1,PROD,PRODPDNHYPER,Business Site,YES
mailsrvz1.idcm.z1.tdn.hzl.ilx.com,10.179.0.106/23,IDCM,10.179.0.0/23,10.179.1.255,HZL-COLO-MCE1-IDCM-1,2209,netsrvz1,PROD,PRODPDNHYPER,Business Site,YES
mailsrvz1.main.z1.tdn.hzl.ilx.com,10.181.192.106/23,MAIN,10.181.192.0/23,10.181.193.255,HZLP-93COLO-TDNH1-A-MAIN-1,2202,netsrvz1,PROD,PRODPDNHYPER,Business Site,YES
mailsrvz1.out.z1.tdn.hzl.ilx.com,10.53.22.106/23,OUT,10.53.22.0/23,10.53.23.255,HZLP-93COLO-TDNH1-A-JUMBO-1,2201,netsrvz1,PROD,PRODPDNHYPER,Business Site,YES
martz1.a.livetkr.z1.tdn.hzl.ilx.com,10.179.4.85/27,A.LIVETKR,10.179.4.64/27,10.179.4.95,HZL-COLO-MCE1-LIVETKR1-1,1511,tdneodz1,TKR,TKR,Business Site,
martz1.a.sitetkr.z1.tdn.hzl.ilx.com,10.179.4.118/27,A.SITETKR,10.179.4.96/27,10.179.4.127,HZL-COLO-MCE1-UP4TKR1-2,1512,tdneodz1,TKR,TKR,Business Site,
martz1.b.livetkr.z1.tdn.hzl.ilx.com,10.179.4.149/27,B.LIVETKR,10.179.4.128/27,10.179.4.159,HZL-COLO-MCE1-LIVETKR2-1,1611,tdneodz1,TKR,TKR,Business Site,
martz1.b.sitetkr.z1.tdn.hzl.ilx.com,10.179.4.182/27,B.SITETKR,10.179.4.160/27,10.179.4.191,HZL-COLO-MCE1-UP4TKR2-2,1612,tdneodz1,TKR,TKR,Business Site,
martz1.filer.z1.tdn.hzl.ilx.com,10.181.194.67/24,FILER,10.181.194.0/24,10.181.194.255,HZLP-93COLO-TDNH1-A-STORAGE-1,2203,tdneodz1,PROD,PRODHYPER,Business Site,YES
martz1.idcm.z1.tdn.hzl.ilx.com,10.179.0.108/23,IDCM,10.179.0.0/23,10.179.1.255,HZL-COLO-MCE1-IDCM-1,2209,tdneodz1,PROD,PRODHYPER,Business Site,YES
martz1.main.z1.tdn.hzl.ilx.com,10.181.192.108/23,MAIN,10.181.192.0/23,10.181.193.255,HZLP-93COLO-TDNH1-A-MAIN-1,2202,tdneodz1,PROD,PRODHYPER,Business Site,YES
martz1.out.z1.tdn.hzl.ilx.com,10.53.22.108/23,OUT,10.53.22.0/23,10.53.23.255,HZLP-93COLO-TDNH1-A-JUMBO-1,2201,tdneodz1,PROD,PRODHYPER,Business Site,YES
mashiez1.a.arbi10.z1.tdn.hzl.ilx.com,10.179.4.202/27,A.ARBI10,10.179.4.192/27,10.179.4.223,HZL-COLO-MCE1-ARBI1-2,1702,itcfepcz1b,ARBI10,ARBI10,Business Silo,
mashiez1.a1.etg.z1.tdn.hzl.ilx.com,10.110.15.139/25,A1.ETG,10.110.15.128/25,10.110.15.255,PROD_ERB-Hash-LAN-A,815,itcfepcz1b,ETG,ETG,Business Site,
mashiez1.b1.etg.z1.tdn.hzl.ilx.com,10.110.16.139/25,B1.ETG,10.110.16.128/25,10.110.16.255,PROD_ERB-Hash-LAN-B,816,itcfepcz1b,ETG,ETG,Business Site,
mashiez1.filer.z1.tdn.hzl.ilx.com,10.181.194.69/24,FILER,10.181.194.0/24,10.181.194.255,HZLP-93COLO-TDNH1-A-STORAGE-1,2203,itcfepcz1b,PROD,PRODHYPER,Business Site,YES
mashiez1.gtdl.z1.tdn.hzl.ilx.com,10.179.3.25/26,GTDL,10.179.3.0/26,10.179.3.63,HZL-COLO-MCE1-GTDL-1,1802,itcfepcz1b,GTDL,GTDL,Business Site,
mashiez1.idcm.z1.tdn.hzl.ilx.com,10.179.0.110/23,IDCM,10.179.0.0/23,10.179.1.255,HZL-COLO-MCE1-IDCM-1,2209,itcfepcz1b,PROD,PRODHYPER,Business Site,YES
mashiez1.log.z1.tdn.hzl.ilx.com,10.179.3.77/26,LOG,10.179.3.64/26,10.179.3.127,HZL-COLO-MCE1-LOG1-1,1803,itcfepcz1b,LOG,LOG,Business Silo,
mashiez1.main.z1.tdn.hzl.ilx.com,10.181.192.110/23,MAIN,10.181.192.0/23,10.181.193.255,HZLP-93COLO-TDNH1-A-MAIN-1,2202,itcfepcz1b,PROD,PRODHYPER,Business Site,YES
mashiez1.out.z1.tdn.hzl.ilx.com,10.53.22.110/23,OUT,10.53.22.0/23,10.53.23.255,HZLP-93COLO-TDNH1-A-JUMBO-1,2201,itcfepcz1b,PROD,PRODHYPER,Business Site,YES
mendz1.filer.z1.tdn.hzl.ilx.com,10.181.194.71/24,FILER,10.181.194.0/24,10.181.194.255,HZLP-93COLO-TDNH1-A-STORAGE-1,2203,tdneodz1,PROD,PRODHYPER,Business Site,YES
mendz1.idcm.z1.tdn.hzl.ilx.com,10.179.0.114/23,IDCM,10.179.0.0/23,10.179.1.255,HZL-COLO-MCE1-IDCM-1,2209,tdneodz1,PROD,PRODHYPER,Business Site,YES
mendz1.main.z1.tdn.hzl.ilx.com,10.181.192.114/23,MAIN,10.181.192.0/23,10.181.193.255,HZLP-93COLO-TDNH1-A-MAIN-1,2202,tdneodz1,PROD,PRODHYPER,Business Site,YES
mendz1.out.z1.tdn.hzl.ilx.com,10.53.22.114/23,OUT,10.53.22.0/23,10.53.23.255,HZLP-93COLO-TDNH1-A-JUMBO-1,2201,tdneodz1,PROD,PRODHYPER,Business Site,YES
monetdbz1.idcm.z1.tdn.hzl.ilx.com,10.179.0.116/23,IDCM,10.179.0.0/23,10.179.1.255,HZL-COLO-MCE1-IDCM-1,2209,monetz1,PROD,PRODHYPER,Business Site,YES
monetdbz1.main.z1.tdn.hzl.ilx.com,10.181.192.116/23,MAIN,10.181.192.0/23,10.181.193.255,HZLP-93COLO-TDNH1-A-MAIN-1,2202,monetz1,PROD,PRODHYPER,Business Site,YES
monetdbz1.out.z1.tdn.hzl.ilx.com,10.53.22.116/23,OUT,10.53.22.0/23,10.53.23.255,HZLP-93COLO-TDNH1-A-JUMBO-1,2201,monetz1,PROD,PRODHYPER,Business Site,YES
nasdz1.a1.exch.z1.tdn.hzl.ilx.com,159.44.249.25/26,A1.EXCH,159.44.249.0/26,159.44.249.63,HZL-COLO-MCE1-EXCHANGEA-1,1501,dtpfepcz1n,EXCH,EXCH,Business Site,
nasdz1.a2.exch.z1.tdn.hzl.ilx.com,159.44.249.26/26,A2.EXCH,159.44.249.0/26,159.44.249.63,HZL-COLO-MCE1-EXCHANGEA-1,1501,dtpfepcz1n,EXCH,EXCH,Business Site,
nasdz1.b1.exch.z1.tdn.hzl.ilx.com,159.44.253.25/26,B1.EXCH,159.44.253.0/26,159.44.253.63,HZL-COLO-MCE1-EXCHANGEB-1,1601,dtpfepcz1n,EXCH,EXCH,Business Site,
nasdz1.b2.exch.z1.tdn.hzl.ilx.com,159.44.253.26/26,B2.EXCH,159.44.253.0/26,159.44.253.63,HZL-COLO-MCE1-EXCHANGEB-1,1601,dtpfepcz1n,EXCH,EXCH,Business Site,
nasdz1.feed.z1.tdn.hzl.ilx.com,10.179.2.17/25,FEED,10.179.2.0/25,10.179.2.127,HZL-COLO-MCE1-FEED-1,1800,dtpfepcz1n,FEED,FEED,Business Site,
nasdz1.fepc.z1.tdn.hzl.ilx.com,10.179.2.144/25,FEPC,10.179.2.128/25,10.179.2.255,HZL-COLO-MCE1-FEPC-1,1801,dtpfepcz1n,FEPC,FEPC,Business Site,
nasdz1.idcm.z1.tdn.hzl.ilx.com,10.179.0.117/23,IDCM,10.179.0.0/23,10.179.1.255,HZL-COLO-MCE1-IDCM-1,2209,dtpfepcz1n,PROD,PRODHYPER,Business Site,YES
nasdz1.main.z1.tdn.hzl.ilx.com,10.181.192.117/23,MAIN,10.181.192.0/23,10.181.193.255,HZLP-93COLO-TDNH1-A-MAIN-1,2202,dtpfepcz1n,PROD,PRODHYPER,Business Site,YES
nasdz1.out.z1.tdn.hzl.ilx.com,10.53.22.117/23,OUT,10.53.22.0/23,10.53.23.255,HZLP-93COLO-TDNH1-A-JUMBO-1,2201,dtpfepcz1n,PROD,PRODHYPER,Business Site,YES
noahz1.idcm.z1.tdn.hzl.ilx.com,10.179.0.119/23,IDCM,10.179.0.0/23,10.179.1.255,HZL-COLO-MCE1-IDCM-1,2209,websterz1,PROD,PRODHYPER,Business Site,YES
noahz1.main.z1.tdn.hzl.ilx.com,10.181.192.119/23,MAIN,10.181.192.0/23,10.181.193.255,HZLP-93COLO-TDNH1-A-MAIN-1,2202,websterz1,PROD,PRODHYPER,Business Site,YES
noahz1.out.z1.tdn.hzl.ilx.com,10.53.22.119/23,OUT,10.53.22.0/23,10.53.23.255,HZLP-93COLO-TDNH1-A-JUMBO-1,2201,websterz1,PROD,PRODHYPER,Business Site,YES
nqdsz1.a1.exch.z1.tdn.hzl.ilx.com,159.44.249.29/26,A1.EXCH,159.44.249.0/26,159.44.249.63,HZL-COLO-MCE1-EXCHANGEA-1,1501,dtpfepcz1n,EXCH,EXCH,Business Site,
nqdsz1.a2.exch.z1.tdn.hzl.ilx.com,159.44.249.30/26,A2.EXCH,159.44.249.0/26,159.44.249.63,HZL-COLO-MCE1-EXCHANGEA-1,1501,dtpfepcz1n,EXCH,EXCH,Business Site,
nqdsz1.b1.exch.z1.tdn.hzl.ilx.com,159.44.253.29/26,B1.EXCH,159.44.253.0/26,159.44.253.63,HZL-COLO-MCE1-EXCHANGEB-1,1601,dtpfepcz1n,EXCH,EXCH,Business Site,
nqdsz1.b2.exch.z1.tdn.hzl.ilx.com,159.44.253.30/26,B2.EXCH,159.44.253.0/26,159.44.253.63,HZL-COLO-MCE1-EXCHANGEB-1,1601,dtpfepcz1n,EXCH,EXCH,Business Site,
nqdsz1.feed.z1.tdn.hzl.ilx.com,10.179.2.19/25,FEED,10.179.2.0/25,10.179.2.127,HZL-COLO-MCE1-FEED-1,1800,dtpfepcz1n,FEED,FEED,Business Site,
nqdsz1.fepc.z1.tdn.hzl.ilx.com,10.179.2.146/25,FEPC,10.179.2.128/25,10.179.2.255,HZL-COLO-MCE1-FEPC-1,1801,dtpfepcz1n,FEPC,FEPC,Business Site,
nqdsz1.idcm.z1.tdn.hzl.ilx.com,10.179.0.121/23,IDCM,10.179.0.0/23,10.179.1.255,HZL-COLO-MCE1-IDCM-1,2209,dtpfepcz1n,PROD,PRODHYPER,Business Site,YES
nqdsz1.main.z1.tdn.hzl.ilx.com,10.181.192.121/23,MAIN,10.181.192.0/23,10.181.193.255,HZLP-93COLO-TDNH1-A-MAIN-1,2202,dtpfepcz1n,PROD,PRODHYPER,Business Site,YES
nqdsz1.out.z1.tdn.hzl.ilx.com,10.53.22.121/23,OUT,10.53.22.0/23,10.53.23.255,HZLP-93COLO-TDNH1-A-JUMBO-1,2201,dtpfepcz1n,PROD,PRODHYPER,Business Site,YES
pumaz1.web.z1.tdn.hzl.ilx.com,10.53.20.5/24,WEB,10.53.20.0/24,10.53.20.255,HZLP-93COLO-TDNM1-A-JUMBO-1,2210,phys-pumaz1,WEB,WEBHYPER,Business Site,YES
pumaz1.webfs.z1.tdn.hzl.ilx.com,10.181.195.4/24,WEBFS,10.181.195.0/24,10.181.195.255,HZLP-93COLO-TDNM1-A-WEBFS-1,2211,phys-pumaz1,WEB,WEBHYPER,Business Site,YES
pumaz3.web.z1.tdn.hzl.ilx.com,10.53.20.7/24,WEB,10.53.20.0/24,10.53.20.255,HZLP-93COLO-TDNM1-A-JUMBO-1,2210,phys-pumaz1,WEB,WEBHYPER,Business Site,YES
pumaz3.webfs.z1.tdn.hzl.ilx.com,10.181.195.6/24,WEBFS,10.181.195.0/24,10.181.195.255,HZLP-93COLO-TDNM1-A-WEBFS-1,2211,phys-pumaz1,WEB,WEBHYPER,Business Site,YES
rakez1.a.arbi10.z1.tdn.hzl.ilx.com,10.179.4.203/27,A.ARBI10,10.179.4.192/27,10.179.4.223,HZL-COLO-MCE1-ARBI1-2,1702,itcfepcz1b,ARBI10,ARBI10,Business Silo,
rakez1.a1.etg.z1.tdn.hzl.ilx.com,10.110.15.141/25,A1.ETG,10.110.15.128/25,10.110.15.255,PROD_ERB-Hash-LAN-A,815,itcfepcz1b,ETG,ETG,Business Site,
rakez1.b1.etg.z1.tdn.hzl.ilx.com,10.110.16.141/25,B1.ETG,10.110.16.128/25,10.110.16.255,PROD_ERB-Hash-LAN-B,816,itcfepcz1b,ETG,ETG,Business Site,
rakez1.filer.z1.tdn.hzl.ilx.com,10.181.194.73/24,FILER,10.181.194.0/24,10.181.194.255,HZLP-93COLO-TDNH1-A-STORAGE-1,2203,itcfepcz1b,PROD,PRODHYPER,Business Site,YES
rakez1.gtdl.z1.tdn.hzl.ilx.com,10.179.3.27/26,GTDL,10.179.3.0/26,10.179.3.63,HZL-COLO-MCE1-GTDL-1,1802,itcfepcz1b,GTDL,GTDL,Business Site,
rakez1.idcm.z1.tdn.hzl.ilx.com,10.179.0.123/23,IDCM,10.179.0.0/23,10.179.1.255,HZL-COLO-MCE1-IDCM-1,2209,itcfepcz1b,PROD,PRODHYPER,Business Site,YES
rakez1.log.z1.tdn.hzl.ilx.com,10.179.3.78/26,LOG,10.179.3.64/26,10.179.3.127,HZL-COLO-MCE1-LOG1-1,1803,itcfepcz1b,LOG,LOG,Business Silo,
rakez1.main.z1.tdn.hzl.ilx.com,10.181.192.123/23,MAIN,10.181.192.0/23,10.181.193.255,HZLP-93COLO-TDNH1-A-MAIN-1,2202,itcfepcz1b,PROD,PRODHYPER,Business Site,YES
rakez1.out.z1.tdn.hzl.ilx.com,10.53.22.123/23,OUT,10.53.22.0/23,10.53.23.255,HZLP-93COLO-TDNH1-A-JUMBO-1,2201,itcfepcz1b,PROD,PRODHYPER,Business Site,YES
rcrz1.web.z1.tdn.hzl.ilx.com,10.53.20.15/24,WEB,10.53.20.0/24,10.53.20.255,HZLP-93COLO-TDNM1-A-JUMBO-1,2210,phys-tigerz1,WEB,WEBHYPER,Business Site,YES
rcrz1.webfs.z1.tdn.hzl.ilx.com,10.181.195.14/24,WEBFS,10.181.195.0/24,10.181.195.255,HZLP-93COLO-TDNM1-A-WEBFS-1,2211,phys-tigerz1,WEB,WEBHYPER,Business Site,YES
rtrepz1.idcm.z1.tdn.hzl.ilx.com,10.179.0.125/23,IDCM,10.179.0.0/23,10.179.1.255,HZL-COLO-MCE1-IDCM-1,2209,rtrepserverz1,PROD,PRODHYPER,Business Site,YES
rtrepz1.main.z1.tdn.hzl.ilx.com,10.181.192.125/23,MAIN,10.181.192.0/23,10.181.193.255,HZLP-93COLO-TDNH1-A-MAIN-1,2202,rtrepserverz1,PROD,PRODHYPER,Business Site,YES
rtrepz1.out.z1.tdn.hzl.ilx.com,10.53.22.125/23,OUT,10.53.22.0/23,10.53.23.255,HZLP-93COLO-TDNH1-A-JUMBO-1,2201,rtrepserverz1,PROD,PRODHYPER,Business Site,YES
skiz1.ext.z1.tdn.hzl.ilx.com,10.53.24.8/24,EXT,10.53.24.0/24,10.53.24.255,HZLP-93COLO-MGTM1-A-JUMBO-1,2230,airstreamz1,EXT,EXTHYPER,Business Site,YES
skiz2.ext.z1.tdn.hzl.ilx.com,10.53.24.11/24,EXT,10.53.24.0/24,10.53.24.255,HZLP-93COLO-MGTM1-A-JUMBO-1,2230,wetlandsz1,EXT,EXTHYPER,Business Site,YES
skiz3.ext.z1.tdn.hzl.ilx.com,10.53.24.20/24,EXT,10.53.24.0/24,10.53.24.255,HZLP-93COLO-MGTM1-A-JUMBO-1,2230,airstreamz1,EXT,EXTHYPER,Business Site,YES
smontz1.a1.exch.z1.tdn.hzl.ilx.com,159.44.249.33/26,A1.EXCH,159.44.249.0/26,159.44.249.63,HZL-COLO-MCE1-EXCHANGEA-1,1501,dtpfepcz1n,EXCH,EXCH,Business Site,
smontz1.a2.exch.z1.tdn.hzl.ilx.com,159.44.249.34/26,A2.EXCH,159.44.249.0/26,159.44.249.63,HZL-COLO-MCE1-EXCHANGEA-1,1501,dtpfepcz1n,EXCH,EXCH,Business Site,
smontz1.b1.exch.z1.tdn.hzl.ilx.com,159.44.253.33/26,B1.EXCH,159.44.253.0/26,159.44.253.63,HZL-COLO-MCE1-EXCHANGEB-1,1601,dtpfepcz1n,EXCH,EXCH,Business Site,
smontz1.b2.exch.z1.tdn.hzl.ilx.com,159.44.253.34/26,B2.EXCH,159.44.253.0/26,159.44.253.63,HZL-COLO-MCE1-EXCHANGEB-1,1601,dtpfepcz1n,EXCH,EXCH,Business Site,
smontz1.feed.z1.tdn.hzl.ilx.com,10.179.2.21/25,FEED,10.179.2.0/25,10.179.2.127,HZL-COLO-MCE1-FEED-1,1800,dtpfepcz1n,FEED,FEED,Business Site,
smontz1.fepc.z1.tdn.hzl.ilx.com,10.179.2.148/25,FEPC,10.179.2.128/25,10.179.2.255,HZL-COLO-MCE1-FEPC-1,1801,dtpfepcz1n,FEPC,FEPC,Business Site,
smontz1.idcm.z1.tdn.hzl.ilx.com,10.179.0.126/23,IDCM,10.179.0.0/23,10.179.1.255,HZL-COLO-MCE1-IDCM-1,2209,dtpfepcz1n,PROD,PRODHYPER,Business Site,YES
smontz1.main.z1.tdn.hzl.ilx.com,10.181.192.126/23,MAIN,10.181.192.0/23,10.181.193.255,HZLP-93COLO-TDNH1-A-MAIN-1,2202,dtpfepcz1n,PROD,PRODHYPER,Business Site,YES
smontz1.out.z1.tdn.hzl.ilx.com,10.53.22.126/23,OUT,10.53.22.0/23,10.53.23.255,HZLP-93COLO-TDNH1-A-JUMBO-1,2201,dtpfepcz1n,PROD,PRODHYPER,Business Site,YES
sobz1.a1.exch.z1.tdn.hzl.ilx.com,159.44.249.37/26,A1.EXCH,159.44.249.0/26,159.44.249.63,HZL-COLO-MCE1-EXCHANGEA-1,1501,dtpfepcz1n,EXCH,EXCH,Business Site,
sobz1.a2.exch.z1.tdn.hzl.ilx.com,159.44.249.22/26,A2.EXCH,159.44.249.0/26,159.44.249.63,HZL-COLO-MCE1-EXCHANGEA-1,1501,dtpfepcz1n,EXCH,EXCH,Business Site,
sobz1.b1.exch.z1.tdn.hzl.ilx.com,159.44.253.37/26,B1.EXCH,159.44.253.0/26,159.44.253.63,HZL-COLO-MCE1-EXCHANGEB-1,1601,dtpfepcz1n,EXCH,EXCH,Business Site,
sobz1.b2.exch.z1.tdn.hzl.ilx.com,159.44.253.22/26,B2.EXCH,159.44.253.0/26,159.44.253.63,HZL-COLO-MCE1-EXCHANGEB-1,1601,dtpfepcz1n,EXCH,EXCH,Business Site,
sobz1.feed.z1.tdn.hzl.ilx.com,10.179.2.15/25,FEED,10.179.2.0/25,10.179.2.127,HZL-COLO-MCE1-FEED-1,1800,dtpfepcz1n,FEED,FEED,Business Site,
sobz1.fepc.z1.tdn.hzl.ilx.com,10.179.2.142/25,FEPC,10.179.2.128/25,10.179.2.255,HZL-COLO-MCE1-FEPC-1,1801,dtpfepcz1n,FEPC,FEPC,Business Site,
sobz1.idcm.z1.tdn.hzl.ilx.com,10.179.0.112/23,IDCM,10.179.0.0/23,10.179.1.255,HZL-COLO-MCE1-IDCM-1,2209,dtpfepcz1n,PROD,PRODHYPER,Business Site,YES
sobz1.main.z1.tdn.hzl.ilx.com,10.181.192.112/23,MAIN,10.181.192.0/23,10.181.193.255,HZLP-93COLO-TDNH1-A-MAIN-1,2202,dtpfepcz1n,PROD,PRODHYPER,Business Site,YES
sobz1.out.z1.tdn.hzl.ilx.com,10.53.22.112/23,OUT,10.53.22.0/23,10.53.23.255,HZLP-93COLO-TDNH1-A-JUMBO-1,2201,dtpfepcz1n,PROD,PRODHYPER,Business Site,YES
spoonz1.a.arbi10.z1.tdn.hzl.ilx.com,10.179.4.204/27,A.ARBI10,10.179.4.192/27,10.179.4.223,HZL-COLO-MCE1-ARBI1-2,1702,itcfepcz1a,ARBI10,ARBI10,Business Silo,
spoonz1.a1.etg.z1.tdn.hzl.ilx.com,10.110.15.143/25,A1.ETG,10.110.15.128/25,10.110.15.255,PROD_ERB-Hash-LAN-A,815,itcfepcz1a,ETG,ETG,Business Site,
spoonz1.b1.etg.z1.tdn.hzl.ilx.com,10.110.16.143/25,B1.ETG,10.110.16.128/25,10.110.16.255,PROD_ERB-Hash-LAN-B,816,itcfepcz1a,ETG,ETG,Business Site,
spoonz1.filer.z1.tdn.hzl.ilx.com,10.181.194.75/24,FILER,10.181.194.0/24,10.181.194.255,HZLP-93COLO-TDNH1-A-STORAGE-1,2203,itcfepcz1a,PROD,PRODHYPER,Business Site,YES
spoonz1.gtdl.z1.tdn.hzl.ilx.com,10.179.3.29/26,GTDL,10.179.3.0/26,10.179.3.63,HZL-COLO-MCE1-GTDL-1,1802,itcfepcz1a,GTDL,GTDL,Business Site,
spoonz1.idcm.z1.tdn.hzl.ilx.com,10.179.0.128/23,IDCM,10.179.0.0/23,10.179.1.255,HZL-COLO-MCE1-IDCM-1,2209,itcfepcz1a,PROD,PRODHYPER,Business Site,YES
spoonz1.log.z1.tdn.hzl.ilx.com,10.179.3.79/26,LOG,10.179.3.64/26,10.179.3.127,HZL-COLO-MCE1-LOG1-1,1803,itcfepcz1a,LOG,LOG,Business Silo,
spoonz1.main.z1.tdn.hzl.ilx.com,10.181.192.128/23,MAIN,10.181.192.0/23,10.181.193.255,HZLP-93COLO-TDNH1-A-MAIN-1,2202,itcfepcz1a,PROD,PRODHYPER,Business Site,YES
spoonz1.out.z1.tdn.hzl.ilx.com,10.53.22.128/23,OUT,10.53.22.0/23,10.53.23.255,HZLP-93COLO-TDNH1-A-JUMBO-1,2201,itcfepcz1a,PROD,PRODHYPER,Business Site,YES
t1perfz1.idcm.z1.tdn.hzl.ilx.com,10.179.0.130/23,IDCM,10.179.0.0/23,10.179.1.255,HZL-COLO-MCE1-IDCM-1,2209,t1perfserverz1,PROD,PRODHYPER,Business Site,YES
t1perfz1.main.z1.tdn.hzl.ilx.com,10.181.192.130/23,MAIN,10.181.192.0/23,10.181.193.255,HZLP-93COLO-TDNH1-A-MAIN-1,2202,t1perfserverz1,PROD,PRODHYPER,Business Site,YES
t1perfz1.out.z1.tdn.hzl.ilx.com,10.53.22.130/23,OUT,10.53.22.0/23,10.53.23.255,HZLP-93COLO-TDNH1-A-JUMBO-1,2201,t1perfserverz1,PROD,PRODHYPER,Business Site,YES
tagz00.idcm.z1.tdn.hzl.ilx.com,10.179.0.163/23,IDCM,10.179.0.0/23,10.179.1.255,HZL-COLO-MCE1-IDCM-1,2209,tdngatez1,PROD,PRODPDNHYPER,Business Site,YES
tagz00.main.z1.tdn.hzl.ilx.com,10.181.192.163/23,MAIN,10.181.192.0/23,10.181.193.255,HZLP-93COLO-TDNH1-A-MAIN-1,2202,tdngatez1,PROD,PRODPDNHYPER,Business Site,YES
tagz00.out.z1.tdn.hzl.ilx.com,10.53.22.163/23,OUT,10.53.22.0/23,10.53.23.255,HZLP-93COLO-TDNH1-A-JUMBO-1,2201,tdngatez1,PROD,PRODPDNHYPER,Business Site,YES
tagz00.sec2.z1.tdn.hzl.ilx.com,162.8.197.19/27,SEC2,162.8.197.0/27,162.8.197.31,HDC-SECURE2-LAN,2245,tdngatez1,NETCOMMS,PRODPDNHYPER,Business Site,YES
tagz01.idcm.z1.tdn.hzl.ilx.com,10.179.0.131/23,IDCM,10.179.0.0/23,10.179.1.255,HZL-COLO-MCE1-IDCM-1,2209,tdngatez1,PROD,PRODPDNHYPER,Business Site,YES
tagz01.main.z1.tdn.hzl.ilx.com,10.181.192.131/23,MAIN,10.181.192.0/23,10.181.193.255,HZLP-93COLO-TDNH1-A-MAIN-1,2202,tdngatez1,PROD,PRODPDNHYPER,Business Site,YES
tagz01.out.z1.tdn.hzl.ilx.com,10.53.22.131/23,OUT,10.53.22.0/23,10.53.23.255,HZLP-93COLO-TDNH1-A-JUMBO-1,2201,tdngatez1,PROD,PRODPDNHYPER,Business Site,YES
tagz01.sec2.z1.tdn.hzl.ilx.com,162.8.197.15/27,SEC2,162.8.197.0/27,162.8.197.31,HDC-SECURE2-LAN,2245,tdngatez1,NETCOMMS,PRODPDNHYPER,Business Site,YES
tagz02.idcm.z1.tdn.hzl.ilx.com,10.179.0.132/23,IDCM,10.179.0.0/23,10.179.1.255,HZL-COLO-MCE1-IDCM-1,2209,tdngatez1,PROD,PRODPDNHYPER,Business Site,YES
tagz02.main.z1.tdn.hzl.ilx.com,10.181.192.132/23,MAIN,10.181.192.0/23,10.181.193.255,HZLP-93COLO-TDNH1-A-MAIN-1,2202,tdngatez1,PROD,PRODPDNHYPER,Business Site,YES
tagz02.out.z1.tdn.hzl.ilx.com,10.53.22.132/23,OUT,10.53.22.0/23,10.53.23.255,HZLP-93COLO-TDNH1-A-JUMBO-1,2201,tdngatez1,PROD,PRODPDNHYPER,Business Site,YES
tagz02.sec2.z1.tdn.hzl.ilx.com,162.8.197.2/27,SEC2,162.8.197.0/27,162.8.197.31,HDC-SECURE2-LAN,2245,tdngatez1,NETCOMMS,PRODPDNHYPER,Business Site,YES
tagz03.idcm.z1.tdn.hzl.ilx.com,10.179.0.133/23,IDCM,10.179.0.0/23,10.179.1.255,HZL-COLO-MCE1-IDCM-1,2209,tdngatez1,PROD,PRODPDNHYPER,Business Site,YES
tagz03.main.z1.tdn.hzl.ilx.com,10.181.192.133/23,MAIN,10.181.192.0/23,10.181.193.255,HZLP-93COLO-TDNH1-A-MAIN-1,2202,tdngatez1,PROD,PRODPDNHYPER,Business Site,YES
tagz03.out.z1.tdn.hzl.ilx.com,10.53.22.133/23,OUT,10.53.22.0/23,10.53.23.255,HZLP-93COLO-TDNH1-A-JUMBO-1,2201,tdngatez1,PROD,PRODPDNHYPER,Business Site,YES
tagz03.sec2.z1.tdn.hzl.ilx.com,162.8.197.3/27,SEC2,162.8.197.0/27,162.8.197.31,HDC-SECURE2-LAN,2245,tdngatez1,NETCOMMS,PRODPDNHYPER,Business Site,YES
tagz04.idcm.z1.tdn.hzl.ilx.com,10.179.0.134/23,IDCM,10.179.0.0/23,10.179.1.255,HZL-COLO-MCE1-IDCM-1,2209,tdngatez1,PROD,PRODPDNHYPER,Business Site,YES
tagz04.main.z1.tdn.hzl.ilx.com,10.181.192.134/23,MAIN,10.181.192.0/23,10.181.193.255,HZLP-93COLO-TDNH1-A-MAIN-1,2202,tdngatez1,PROD,PRODPDNHYPER,Business Site,YES
tagz04.out.z1.tdn.hzl.ilx.com,10.53.22.134/23,OUT,10.53.22.0/23,10.53.23.255,HZLP-93COLO-TDNH1-A-JUMBO-1,2201,tdngatez1,PROD,PRODPDNHYPER,Business Site,YES
tagz04.sec2.z1.tdn.hzl.ilx.com,162.8.197.4/27,SEC2,162.8.197.0/27,162.8.197.31,HDC-SECURE2-LAN,2245,tdngatez1,NETCOMMS,PRODPDNHYPER,Business Site,YES
tagz10.idcm.z1.tdn.hzl.ilx.com,10.179.0.140/23,IDCM,10.179.0.0/23,10.179.1.255,HZL-COLO-MCE1-IDCM-1,2209,tdngatez3,PROD,PRODPDNHYPER,Business Site,YES
tagz10.main.z1.tdn.hzl.ilx.com,10.181.192.140/23,MAIN,10.181.192.0/23,10.181.193.255,HZLP-93COLO-TDNH1-A-MAIN-1,2202,tdngatez3,PROD,PRODPDNHYPER,Business Site,YES
tagz10.out.z1.tdn.hzl.ilx.com,10.53.22.140/23,OUT,10.53.22.0/23,10.53.23.255,HZLP-93COLO-TDNH1-A-JUMBO-1,2201,tdngatez3,PROD,PRODPDNHYPER,Business Site,YES
tagz10.sec2.z1.tdn.hzl.ilx.com,162.8.197.16/27,SEC2,162.8.197.0/27,162.8.197.31,HDC-SECURE2-LAN,2245,tdngatez3,NETCOMMS,PRODPDNHYPER,Business Site,YES
tagz11.idcm.z1.tdn.hzl.ilx.com,10.179.0.141/23,IDCM,10.179.0.0/23,10.179.1.255,HZL-COLO-MCE1-IDCM-1,2209,tdngatez3,PROD,PRODPDNHYPER,Business Site,YES
tagz11.main.z1.tdn.hzl.ilx.com,10.181.192.141/23,MAIN,10.181.192.0/23,10.181.193.255,HZLP-93COLO-TDNH1-A-MAIN-1,2202,tdngatez3,PROD,PRODPDNHYPER,Business Site,YES
tagz11.out.z1.tdn.hzl.ilx.com,10.53.22.141/23,OUT,10.53.22.0/23,10.53.23.255,HZLP-93COLO-TDNH1-A-JUMBO-1,2201,tdngatez3,PROD,PRODPDNHYPER,Business Site,YES
tagz11.sec2.z1.tdn.hzl.ilx.com,162.8.197.11/27,SEC2,162.8.197.0/27,162.8.197.31,HDC-SECURE2-LAN,2245,tdngatez3,NETCOMMS,PRODPDNHYPER,Business Site,YES
tagz12.idcm.z1.tdn.hzl.ilx.com,10.179.0.142/23,IDCM,10.179.0.0/23,10.179.1.255,HZL-COLO-MCE1-IDCM-1,2209,tdngatez3,PROD,PRODPDNHYPER,Business Site,YES
tagz12.main.z1.tdn.hzl.ilx.com,10.181.192.142/23,MAIN,10.181.192.0/23,10.181.193.255,HZLP-93COLO-TDNH1-A-MAIN-1,2202,tdngatez3,PROD,PRODPDNHYPER,Business Site,YES
tagz12.out.z1.tdn.hzl.ilx.com,10.53.22.142/23,OUT,10.53.22.0/23,10.53.23.255,HZLP-93COLO-TDNH1-A-JUMBO-1,2201,tdngatez3,PROD,PRODPDNHYPER,Business Site,YES
tagz12.sec2.z1.tdn.hzl.ilx.com,162.8.197.12/27,SEC2,162.8.197.0/27,162.8.197.31,HDC-SECURE2-LAN,2245,tdngatez3,NETCOMMS,PRODPDNHYPER,Business Site,YES
tagz13.idcm.z1.tdn.hzl.ilx.com,10.179.0.143/23,IDCM,10.179.0.0/23,10.179.1.255,HZL-COLO-MCE1-IDCM-1,2209,tdngatez3,PROD,PRODPDNHYPER,Business Site,YES
tagz13.main.z1.tdn.hzl.ilx.com,10.181.192.143/23,MAIN,10.181.192.0/23,10.181.193.255,HZLP-93COLO-TDNH1-A-MAIN-1,2202,tdngatez3,PROD,PRODPDNHYPER,Business Site,YES
tagz13.out.z1.tdn.hzl.ilx.com,10.53.22.143/23,OUT,10.53.22.0/23,10.53.23.255,HZLP-93COLO-TDNH1-A-JUMBO-1,2201,tdngatez3,PROD,PRODPDNHYPER,Business Site,YES
tagz13.sec2.z1.tdn.hzl.ilx.com,162.8.197.13/27,SEC2,162.8.197.0/27,162.8.197.31,HDC-SECURE2-LAN,2245,tdngatez3,NETCOMMS,PRODPDNHYPER,Business Site,YES
tagz14.idcm.z1.tdn.hzl.ilx.com,10.179.0.144/23,IDCM,10.179.0.0/23,10.179.1.255,HZL-COLO-MCE1-IDCM-1,2209,tdngatez3,PROD,PRODPDNHYPER,Business Site,YES
tagz14.main.z1.tdn.hzl.ilx.com,10.181.192.144/23,MAIN,10.181.192.0/23,10.181.193.255,HZLP-93COLO-TDNH1-A-MAIN-1,2202,tdngatez3,PROD,PRODPDNHYPER,Business Site,YES
tagz14.out.z1.tdn.hzl.ilx.com,10.53.22.144/23,OUT,10.53.22.0/23,10.53.23.255,HZLP-93COLO-TDNH1-A-JUMBO-1,2201,tdngatez3,PROD,PRODPDNHYPER,Business Site,YES
tagz14.sec2.z1.tdn.hzl.ilx.com,162.8.197.14/27,SEC2,162.8.197.0/27,162.8.197.31,HDC-SECURE2-LAN,2245,tdngatez3,NETCOMMS,PRODPDNHYPER,Business Site,YES
tdnftpz1.apphost.z1.tdn.hzl.ilx.com,162.8.248.11/27,APPHOST,162.8.248.0/27,162.8.248.31,HDC-APPHOST-LAN,2247,netsrvz1,NETCOMMS,PRODPDNHYPER,Business Site,YES
tdnftpz1.filer.z1.tdn.hzl.ilx.com,10.181.194.77/24,FILER,10.181.194.0/24,10.181.194.255,HZLP-93COLO-TDNH1-A-STORAGE-1,2203,netsrvz1,PROD,PRODPDNHYPER,Business Site,YES
tdnftpz1.idcm.z1.tdn.hzl.ilx.com,10.179.0.145/23,IDCM,10.179.0.0/23,10.179.1.255,HZL-COLO-MCE1-IDCM-1,2209,netsrvz1,PROD,PRODPDNHYPER,Business Site,YES
tdnftpz1.main.z1.tdn.hzl.ilx.com,10.181.192.145/23,MAIN,10.181.192.0/23,10.181.193.255,HZLP-93COLO-TDNH1-A-MAIN-1,2202,netsrvz1,PROD,PRODPDNHYPER,Business Site,YES
tdnftpz1.out.z1.tdn.hzl.ilx.com,10.53.22.145/23,OUT,10.53.22.0/23,10.53.23.255,HZLP-93COLO-TDNH1-A-JUMBO-1,2201,netsrvz1,PROD,PRODPDNHYPER,Business Site,YES
tdnnfsz1.apphost.z1.tdn.hzl.ilx.com,162.8.248.13/27,APPHOST,162.8.248.0/27,162.8.248.31,HDC-APPHOST-LAN,2247,netsrvz1,NETCOMMS,PRODPDNHYPER,Business Site,YES
tdnnfsz1.filer.z1.tdn.hzl.ilx.com,10.181.194.79/24,FILER,10.181.194.0/24,10.181.194.255,HZLP-93COLO-TDNH1-A-STORAGE-1,2203,netsrvz1,PROD,PRODPDNHYPER,Business Site,YES
tdnnfsz1.idcm.z1.tdn.hzl.ilx.com,10.179.0.147/23,IDCM,10.179.0.0/23,10.179.1.255,HZL-COLO-MCE1-IDCM-1,2209,netsrvz1,PROD,PRODPDNHYPER,Business Site,YES
tdnnfsz1.main.z1.tdn.hzl.ilx.com,10.181.192.147/23,MAIN,10.181.192.0/23,10.181.193.255,HZLP-93COLO-TDNH1-A-MAIN-1,2202,netsrvz1,PROD,PRODPDNHYPER,Business Site,YES
tdnnfsz1.out.z1.tdn.hzl.ilx.com,10.53.22.147/23,OUT,10.53.22.0/23,10.53.23.255,HZLP-93COLO-TDNH1-A-JUMBO-1,2201,netsrvz1,PROD,PRODPDNHYPER,Business Site,YES
thisz1.idcm.z1.tdn.hzl.ilx.com,10.179.0.149/23,IDCM,10.179.0.0/23,10.179.1.255,HZL-COLO-MCE1-IDCM-1,2209,monetz1,PROD,PRODHYPER,Business Site,YES
thisz1.main.z1.tdn.hzl.ilx.com,10.181.192.149/23,MAIN,10.181.192.0/23,10.181.193.255,HZLP-93COLO-TDNH1-A-MAIN-1,2202,monetz1,PROD,PRODHYPER,Business Site,YES
thisz1.out.z1.tdn.hzl.ilx.com,10.53.22.149/23,OUT,10.53.22.0/23,10.53.23.255,HZLP-93COLO-TDNH1-A-JUMBO-1,2201,monetz1,PROD,PRODHYPER,Business Site,YES
tigerz1.web.z1.tdn.hzl.ilx.com,10.53.20.9/24,WEB,10.53.20.0/24,10.53.20.255,HZLP-93COLO-TDNM1-A-JUMBO-1,2210,phys-tigerz1,WEB,WEBHYPER,Business Site,YES
tigerz1.webfs.z1.tdn.hzl.ilx.com,10.181.195.8/24,WEBFS,10.181.195.0/24,10.181.195.255,HZLP-93COLO-TDNM1-A-WEBFS-1,2211,phys-tigerz1,WEB,WEBHYPER,Business Site,YES
tigerz3.web.z1.tdn.hzl.ilx.com,10.53.20.11/24,WEB,10.53.20.0/24,10.53.20.255,HZLP-93COLO-TDNM1-A-JUMBO-1,2210,phys-tigerz1,WEB,WEBHYPER,Business Site,YES
tigerz3.webfs.z1.tdn.hzl.ilx.com,10.181.195.10/24,WEBFS,10.181.195.0/24,10.181.195.255,HZLP-93COLO-TDNM1-A-WEBFS-1,2211,phys-tigerz1,WEB,WEBHYPER,Business Site,YES
tpalertz1.a1.exch.z1.tdn.hzl.ilx.com,159.44.249.20/26,A1.EXCH,159.44.249.0/26,159.44.249.63,HZL-COLO-MCE1-EXCHANGEA-1,1501,dtpfepcz1a,EXCH,EXCH,Business Site,
tpalertz1.a2.exch.z1.tdn.hzl.ilx.com,159.44.249.38/26,A2.EXCH,159.44.249.0/26,159.44.249.63,HZL-COLO-MCE1-EXCHANGEA-1,1501,dtpfepcz1a,EXCH,EXCH,Business Site,
tpalertz1.b1.exch.z1.tdn.hzl.ilx.com,159.44.253.20/26,B1.EXCH,159.44.253.0/26,159.44.253.63,HZL-COLO-MCE1-EXCHANGEB-1,1601,dtpfepcz1a,EXCH,EXCH,Business Site,
tpalertz1.b2.exch.z1.tdn.hzl.ilx.com,159.44.253.38/26,B2.EXCH,159.44.253.0/26,159.44.253.63,HZL-COLO-MCE1-EXCHANGEB-1,1601,dtpfepcz1a,EXCH,EXCH,Business Site,
tpalertz1.feed.z1.tdn.hzl.ilx.com,10.179.2.23/25,FEED,10.179.2.0/25,10.179.2.127,HZL-COLO-MCE1-FEED-1,1800,dtpfepcz1a,FEED,FEED,Business Site,
tpalertz1.fepc.z1.tdn.hzl.ilx.com,10.179.2.150/25,FEPC,10.179.2.128/25,10.179.2.255,HZL-COLO-MCE1-FEPC-1,1801,dtpfepcz1a,FEPC,FEPC,Business Site,
tpalertz1.idcm.z1.tdn.hzl.ilx.com,10.179.0.150/23,IDCM,10.179.0.0/23,10.179.1.255,HZL-COLO-MCE1-IDCM-1,2209,dtpfepcz1a,PROD,PRODHYPER,Business Site,YES
tpalertz1.main.z1.tdn.hzl.ilx.com,10.181.192.150/23,MAIN,10.181.192.0/23,10.181.193.255,HZLP-93COLO-TDNH1-A-MAIN-1,2202,dtpfepcz1a,PROD,PRODHYPER,Business Site,YES
tpalertz1.out.z1.tdn.hzl.ilx.com,10.53.22.150/23,OUT,10.53.22.0/23,10.53.23.255,HZLP-93COLO-TDNH1-A-JUMBO-1,2201,dtpfepcz1a,PROD,PRODHYPER,Business Site,YES
turnstilez1.ext.z1.tdn.hzl.ilx.com,10.53.24.12/24,EXT,10.53.24.0/24,10.53.24.255,HZLP-93COLO-MGTM1-A-JUMBO-1,2230,airstreamz1,EXT,EXTHYPER,Business Site,YES
vapdbz1.filer.z1.tdn.hzl.ilx.com,10.181.194.81/24,FILER,10.181.194.0/24,10.181.194.255,HZLP-93COLO-TDNH1-A-STORAGE-1,2203,vapdbserverz1,PROD,PRODHYPER,Business Site,YES
vapdbz1.idcm.z1.tdn.hzl.ilx.com,10.179.0.152/23,IDCM,10.179.0.0/23,10.179.1.255,HZL-COLO-MCE1-IDCM-1,2209,vapdbserverz1,PROD,PRODHYPER,Business Site,YES
vapdbz1.main.z1.tdn.hzl.ilx.com,10.181.192.152/23,MAIN,10.181.192.0/23,10.181.193.255,HZLP-93COLO-TDNH1-A-MAIN-1,2202,vapdbserverz1,PROD,PRODHYPER,Business Site,YES
vapdbz1.out.z1.tdn.hzl.ilx.com,10.53.22.152/23,OUT,10.53.22.0/23,10.53.23.255,HZLP-93COLO-TDNH1-A-JUMBO-1,2201,vapdbserverz1,PROD,PRODHYPER,Business Site,YES
wb3270z1.web.z1.tdn.hzl.ilx.com,10.53.20.13/24,WEB,10.53.20.0/24,10.53.20.255,HZLP-93COLO-TDNM1-A-JUMBO-1,2210,phys-tigerz1,WEB,WEBHYPER,Business Site,YES
wb3270z1.webfs.z1.tdn.hzl.ilx.com,10.181.195.12/24,WEBFS,10.181.195.0/24,10.181.195.255,HZLP-93COLO-TDNM1-A-WEBFS-1,2211,phys-tigerz1,WEB,WEBHYPER,Business Site,YES
xbirdz1.ext.z1.tdn.hzl.ilx.com,10.53.24.14/24,EXT,10.53.24.0/24,10.53.24.255,HZLP-93COLO-MGTM1-A-JUMBO-1,2230,airstreamz1,EXT,EXTHYPER,Business Site,YES
zephyrz1.ext.z1.tdn.hzl.ilx.com,10.53.24.16/24,EXT,10.53.24.0/24,10.53.24.255,HZLP-93COLO-MGTM1-A-JUMBO-1,2230,airstreamz1,EXT,EXTHYPER,Business Site,YES
zephyrz3.ext.z1.tdn.hzl.ilx.com,10.53.24.18/24,EXT,10.53.24.0/24,10.53.24.255,HZLP-93COLO-MGTM1-A-JUMBO-1,2230,airstreamz1,EXT,EXTHYPER,Business Site,YES
zumaz1.host.z1.tdn.hzl.ilx.com,10.53.26.35/27,HOST,10.53.26.32/27,10.53.26.63,HZLP-93COLO-TDNH1-A-HOST-1,2241,fismz1,HOST,HOSTHYPER,Business Site,YES
zumaz1.hostrep.z1.tdn.hzl.ilx.com,10.53.26.99/27,HOSTREP,10.53.26.96/27,10.53.26.127,HZLP-93COLO-TDNH1-A-HOSTREP-1,2243,fismz1,HOST,HOSTHYPER,Business Site,YES
